,LName,LPrice,LACPrice,LDesc,LOff
0,Acer Aspire 3 Backlit Intel Core i5 12th Gen 1235U - (8 GB/512 GB SSD/Windows 11 Home) A324-51 Thin an...,"₹40,990","₹53,000",Intel Core i5 Processor (12th Gen)8 GB DDR4 RAM64 bit Windows 11 Operating System512 GB SSD35.56 cm (14 Inch) Display1 Year Domestic Warranty,22% off
1,Acer Aspire Intel Core i5 12th Gen 12450H - (12 GB/512 GB SSD/Windows 11 Home) AL15-52H Thin and Light...,"₹41,400","₹59,999",Intel Core i5 Processor (12th Gen)12 GB DDR5 RAMWindows 11 Home Operating System512 GB SSD39.62 cm (15.6 inch) Display1 Year Carry-in Warranty,30% off
2,Acer Aspire Lite Intel Core i5 12th Gen 1235U - (8 GB/512 GB SSD/Windows 11 Home) AL15-52 Thin and Lig...,"₹41,990","₹59,990",Intel Core i5 Processor (12th Gen)8 GB DDR4 RAMWindows 11 Operating System512 GB SSD39.62 cm (15.6 inch) Display1 Year Carry-in Warranty,30% off
3,Acer Aspire 5 Intel Core i5 11th Gen 1135G7 - (8 GB/512 GB SSD/Windows 11 Home) A515-56-51EV Thin and ...,"₹41,990","₹75,990","Intel Core i5 Processor (11th Gen)8 GB DDR4 RAM64 bit Windows 11 Operating System512 GB SSD39.62 cm (15.6 inch) DisplayAcer Care Center, Quick Access, Acer Product Registration, MS Office 2021 Home & Student1 Year International Travelers Warranty (ITW)",44% off
4,CHUWI Intel Core i5 12th Gen 12450H - (16 GB/512 GB SSD/Windows 11 Home) CoreBook X_Pro Laptop,"₹41,990","₹59,990",Intel Core i5 Processor (12th Gen)16 GB DDR4 RAMWindows 11 Home Operating System512 GB SSD39.62 cm (15.6 inch) Display1 Year Onsite Warranty,30% off
5,ASUS Vivobook 15 Intel Core i5 12th Gen 1235U - (8 GB/512 GB SSD/Windows 11 Home) X1504ZA-NJ521WS Thin...,"₹42,490","₹85,740",Intel Core i5 Processor (12th Gen)8 GB DDR4 RAMWindows 11 Operating System512 GB SSD39.62 cm (15.6 Inch) Display1 Year Onsite Warranty,50% off
6,ASUS Vivobook 15 Intel Core i5 12th Gen 1235U - (8 GB/512 GB SSD/Windows 11 Home) X1504ZA-NJ527WS|X150...,"₹42,990","₹69,990",Intel Core i5 Processor (12th Gen)8 GB DDR4 RAMWindows 11 Operating System512 GB SSD39.62 cm (15.6 Inch) Display1 Year Onsite Warranty,38% off
7,Acer One14 Backlit Intel Core i5 11th Gen 1155G7 - (8 GB/512 GB SSD/Windows 11 Home) Z8-415 Thin and L...,"₹42,990","₹52,999",Intel Core i5 Processor (11th Gen)8 GB DDR4 RAMWindows 11 Operating System512 GB SSD35.56 cm (14 Inch) Display1 Year Onsite Warranty,18% off
8,ASUS Vivobook 15 Intel Core i5 12th Gen 1235U - (8 GB/512 GB SSD/Windows 11 Home) X1504ZA-NJ522WS Lapt...,"₹42,990","₹69,990",Intel Core i5 Processor (12th Gen)8 GB DDR4 RAM64 bit Windows 11 Operating System512 GB SSD39.62 cm (15.6 inch) Display1 year manufacturing Warranty,38% off
9,"ASUS Vivobook 15, with Backlit Keyboard, Intel Core i5 12th Gen 1235U - (8 GB/512 GB SSD/Windows 11 Ho...","₹42,990","₹69,990",Intel Core i5 Processor (12th Gen)8 GB DDR4 RAMWindows 11 Operating System512 GB SSD39.62 cm (15.6 Inch) Display1 Year Onsite Warranty,38% off
10,ASUS Intel Core i5 8th Gen 8250U - (8 GB/1 TB HDD/Windows 10 Home) X540UA-DM995T Laptop,"₹42,990","₹46,700","Full HD LCD Anti-glare DisplayIntel Core i5 Processor (8th Gen)8 GB DDR4 RAM64 bit Windows 10 Operating System1 TB HDD39.62 cm (15.6 inch) DisplayAsus Smart Gesture, Asus Splendid1 Year Limited International Hardware Warranty",7% off
11,Lenovo Intel Core i5 12th Gen - (16 GB/512 GB SSD/Windows 11 Home) V14 Thin and Light Laptop,"₹42,990","₹95,200",Intel Core i5 Processor (12th Gen)16 GB DDR4 RAMWindows 11 Operating System512 GB SSD39.62 cm (15.6 inch) Display1-Year,54% off
12,Acer Intel Core i5 11th Gen - (16 GB/512 GB SSD/Windows 11 Home) AL15-51 Laptop,"₹42,990","₹61,990",Intel Core i5 Processor (11th Gen)16 GB DDR4 RAMWindows 11 Operating System512 GB SSD39.62 cm (15.6 inch) Display1 year,30% off
13,ASUS Vivobook 15 Intel Core i5 12th Gen 1235U - (8 GB/512 GB SSD/Windows 11 Home) X1502ZA-EJ515WS Thin...,"₹42,990","₹70,990",Intel Core i5 Processor (12th Gen)8 GB DDR4 RAMWindows 11 Operating System512 GB SSD39.62 cm (15.6 Inch) Display1 Year Onsite Warranty,39% off
14,ASUS Vivobook 15 Intel Core i5 12th Gen 1235U - (8 GB/512 GB SSD/Windows 11 Home) X1504ZA-NJ521WS|X150...,"₹42,990","₹69,990",Intel Core i5 Processor (12th Gen)8 GB DDR4 RAMWindows 11 Operating System512 GB SSD39.62 cm (15.6 Inch) Display1 Year Onsite Warranty,38% off
15,ASUS Intel Core i5 12th Gen - (8 GB/512 GB SSD/Windows 11 Home) X1504ZA-NJ521WS Laptop,"₹42,990","₹69,990",Intel Core i5 Processor (12th Gen)8 GB DDR4 RAMWindows 11 Operating System512 GB SSD39.62 cm (15.6 inch) Display1 Year Warranty,38% off
16,Acer Aspire 3 Intel Core i5 13th Gen 1334U - (16 GB/512 GB SSD/Windows 11 Home) A324-53 Thin and Light...,"₹42,990","₹66,999",Intel Core i5 Processor (13th Gen)16 GB DDR4 RAMWindows 11 Operating System512 GB SSD35.56 cm (14 Inch) Display1 Year Carry-in Warranty,35% off
17,"Acer Aspire Lite with Backlit Keyboard, Intel Core i5 12th Gen 1235U - (16 GB/512 GB SSD/Windows 11 Ho...","₹42,990","₹64,999",Intel Core i5 Processor (12th Gen)16 GB DDR4 RAMWindows 11 Operating System512 GB SSD39.62 cm (15.6 Inch) Display1 Year Carry-in Warranty,33% off
18,Acer Aspire 3 Backlit Intel Core i5 12th Gen 1235U - (16 GB/512 GB SSD/Windows 11 Home) A324-51 Thin a...,"₹42,990","₹53,000",Intel Core i5 Processor (12th Gen)16 GB DDR4 RAM64 bit Windows 11 Operating System512 GB SSD35.56 cm (14 Inch) Display1 Year Domestic Warranty,18% off
19,Lenovo V SERIES Intel Core i5 12th Gen 1235U - (8 GB/512 GB SSD/Windows 11 Home) V15 Thin and Light La...,"₹42,999","₹85,000",Intel Core i5 Processor (12th Gen)8 GB DDR4 RAMWindows 11 Operating System512 GB SSD40.64 cm (16 inch) Display1 Year Onsite Warranty,49% off
20,HP Intel Core i5 11th Gen 1155G7 - (8 GB/512 GB SSD/Windows 11 Home) 15s-fq4022TU Thin and Light Lapto...,"₹43,990","₹62,821",Intel Core i5 Processor (11th Gen)8 GB DDR4 RAM64 bit Windows 11 Operating System512 GB SSD39.62 cm (15.6 Inch) Display1 Year Onsite Warranty,29% off
21,Acer Aspire 3 Intel Core i5 12th Gen 1235U - (16 GB/512 GB SSD/Windows 11 Home) A315-59 Thin and Light...,"₹43,990","₹62,329",Intel Core i5 Processor (12th Gen)16 GB DDR4 RAM64 bit Windows 11 Operating System512 GB SSD39.62 cm (15.6 Inch) Display1 Year International Travelers Warranty,29% off
22,Acer Aspire 3 Intel Core i5 13th Gen 1334U - (8 GB/512 GB SSD/Windows 11 Home) A324-53 Thin and Light ...,"₹43,990","₹64,999",Intel Core i5 Processor (13th Gen)8 GB DDR4 RAMWindows 11 Operating System512 GB SSD35.56 cm (14 Inch) Display1 Year Carry-in Warranty,32% off
23,"Acer Aspire 3 with Backlit Keyboard, Intel Core i5 12th Gen 1235U - (16 GB/1 TB SSD/Windows 11 Home) A...","₹43,990","₹69,990",Intel Core i5 Processor (12th Gen)16 GB DDR4 RAMWindows 11 Operating System1 TB SSD35.56 cm (14 Inch) Display1 Year Carry-in Warranty,37% off
24,Lenovo IdeaPad Slim 3 Intel Core i5 12th Gen 12450H - (8 GB/512 GB SSD/Windows 11 Home) 14IAH8 Thin an...,"₹43,990","₹66,090",Intel Core i5 Processor (12th Gen)8 GB LPDDR5 RAMWindows 11 Operating System512 GB SSD35.56 cm (14 Inch) Display1 Yr. Onsite,33% off
25,Acer Travelmate Intel Core i5 11th Gen 1135G7 - (8 GB/1 TB HDD/256 GB SSD/Windows 10 Home) TravelMate ...,"₹43,990","₹60,000",Intel Core i5 Processor (11th Gen)8 GB DDR4 RAM64 bit Windows 10 Operating System1 TB HDD|256 GB SSD35.56 cm (14 inches) Display1 Year Carry in Warranty,26% off
26,Acer Aspire 3 Intel Core i5 12th Gen 1235U - (8 GB/512 GB SSD/Windows 11 Home) A315-59-50CP Thin and L...,"₹43,990","₹51,999",Intel Core i5 Processor (12th Gen)8 GB DDR4 RAM64 bit Windows 11 Operating System512 GB SSD39.62 cm (15.6 inch) Display1 Year International Travelers Warranty (ITW),15% off
27,ASUS Vivobook 15 Intel Core i5 11th Gen 1135G7 - (8 GB/512 GB SSD/Windows 11 Home) X515EA-EJ522WS Thin...,"₹43,999","₹69,990",Intel Core i5 Processor (11th Gen)8 GB DDR4 RAM64 bit Windows 11 Operating System512 GB SSD39.62 cm (15.6 Inch) Display1 Year Onsite Warranty,37% off
28,ASUS ExpertBook P1 Intel Core i5 10th Gen 10210U - (4 GB/1 TB HDD/Windows 10 Pro) ExpertBook P1 P1440F...,"₹44,059","₹68,990",Intel Core i5 Processor (10th Gen)4 GB DDR4 RAM64 bit Windows 10 Operating System1 TB HDD35.56 cm (14 inch) Display1 Year Manufacturer Warranty on the Device and 6 Months Manufacturer Warranty on Included Accessories from the Date of Purchase,36% off
29,MSI Modern 14 Intel Core i5 10th Gen 10210U - (8 GB/512 GB SSD/Windows 10 Home) Modern 14 B10MW-639IN ...,"₹44,190","₹61,990",Intel Core i5 Processor (10th Gen)8 GB DDR4 RAM64 bit Windows 10 Operating System512 GB SSD35.56 cm (14 inch) Display1 Year On-Site Warranty,28% off
30,ASUS X1502ZA Intel Core i5 12th Gen 1235U - (8 GB/512 GB SSD/Windows 11 Home) X1502ZA-EJ532WS Laptop,"₹44,450","₹70,990",Intel Core i5 Processor (12th Gen)8 GB DDR4 RAM64 bit Windows 11 Operating System512 GB SSD39.62 cm (15.6 inch) DisplayOffice Home and Student 2021 included1 Yera International Warranty,37% off
31,Infinix X1 Slim Series Intel Core i5 10th Gen 1035G1 - (8 GB/512 GB SSD/Windows 11 Home) XL21 Thin and...,"₹44,990","₹59,999",Intel Core i5 Processor (10th Gen)8 GB LPDDR4X RAM64 bit Windows 11 Operating System512 GB SSD35.56 cm (14 Inch) DisplayNA1 Year Onsite Warranty,25% off
32,HP 15s Intel Core i5 11th Gen 1135G7 - (8 GB/512 GB SSD/Windows 11 Home/2 GB Graphics) 15s-du3519TX Th...,"₹44,990","₹73,213",Intel Core i5 Processor (11th Gen)8 GB DDR4 RAM64 bit Windows 11 Operating System512 GB SSD39.62 cm (15.6 Inch) Display1 Year Onsite Warranty,38% off
33,MSI Modern 14 Intel Core i5 13th Gen 1335U - (8 GB/512 GB SSD/Windows 11 Home) Modern 14 C13M-437IN Th...,"₹44,990","₹70,990",Intel Core i5 Processor (13th Gen)8 GB DDR4 RAMWindows 11 Operating System512 GB SSD35.56 cm (14 Inch) Display1 Year Carry-in Warranty,36% off
34,Lenovo IdeaPad 3 Intel Core i5 10th Gen 1035G7 - (8 GB/1 TB HDD/Windows 10 Home) 15IIL05 Laptop,"₹44,990","₹63,790",Intel Core i5 Processor (10th Gen)8 GB DDR4 RAM64 bit Windows 10 Operating System1 TB HDD39.62 cm (15.6 inch) DisplayMicrosoft Office (Trial Only)1 Year Onsite Warranty,29% off
35,Acer Aspire Lite Intel Core i5 12th Gen 1235U - (16 GB/512 GB SSD/Windows 11 Home) AL15-52 Thin and Li...,"₹44,990","₹64,990",Intel Core i5 Processor (12th Gen)16 GB DDR4 RAMWindows 11 Operating System512 GB SSD39.62 cm (15.6 Inch) Display1 Year Carry-in Warranty,30% off
36,Infinix INBook X2 Plus Intel Core i5 11th Gen 1155G7 - (8 GB/512 GB SSD/Windows 11 Home) XL25 Thin and...,"₹45,477","₹54,990",Intel Core i5 Processor (11th Gen)8 GB LPDDR4X RAM64 bit Windows 11 Operating System512 GB SSD39.62 cm (15.6 Inch) Display1 Year Onsite Warranty,17% off
37,DELL Inspiron 3511 Intel Core i5 11th Gen - (8 GB/512 GB SSD/Windows 11 Home) D560745WIN9B Laptop,"₹45,490","₹69,226",Intel Core i5 Processor (11th Gen)8 GB DDR4 RAMWindows 11 Operating System512 GB SSD39.62 cm (15.6 inch) Display1 Year Onsite Warranty,34% off
38,HP Intel Intel Core i5 11th Gen 1155G7 - (8 GB/512 GB SSD/Windows 11 Home) 15s- fr4000TU Thin and Ligh...,"₹45,500","₹59,999",Intel Core i5 Processor (11th Gen)8 GB DDR4 RAM64 bit Windows 11 Operating System512 GB SSD39.62 cm (15.6 Inch) Display1 Year Onsite Warranty,24% off
39,DELL core i5 Intel Core i5 12th Gen - (8 GB/512 GB SSD/Windows 11 Home) Inspiron 3520 / D560871WIN9B L...,"₹45,590","₹76,690",Intel Core i5 Processor (12th Gen)8 GB DDR4 RAM64 bit Windows 11 Operating System512 GB SSD39.62 cm (15.6 inch) DisplayMS OFFICE1 Year Onsite Warranty,40% off
40,DELL Inspiron 3520 Intel Core i5 12th Gen 1235U - (8 GB/512 GB SSD/Windows 11 Home) 0IN352010031RINB1M...,"₹45,690","₹68,990",Intel Core i5 Processor (12th Gen)8 GB DDR4 RAMWindows 11 Operating System512 GB SSD39.62 cm (15.6 Inch) Display1 Year Onsite Warranty,33% off
41,DELL Inspiron 3520 Intel Core i5 12th Gen 1235U - (8 GB/512 GB SSD/Windows 11 Home) Inspiron 3520 Thin...,"₹45,990","₹64,237",Intel Core i5 Processor (12th Gen)8 GB DDR4 RAM64 bit Windows 11 Operating System512 GB SSD39.62 cm (15.6 inch) Display1 Year Onsite Warranty,28% off
42,MSI Modern 14 Intel Core i5 12th Gen 1235U - (16 GB/512 GB SSD/Windows 11 Home) Modern 14 C12MO-1212IN...,"₹45,990","₹52,990",Intel Core i5 Processor (12th Gen)16 GB DDR4 RAMWindows 11 Operating System512 GB SSD35.56 cm (14 inch) Display1 Year Onsite Warranty,13% off
43,HP 15s Intel Core i5 11th Gen - (8 GB + 32 GB Optane/512 GB SSD/Windows 10 Home) 15s-FQ2071TU Thin and...,"₹45,990","₹59,452","Intel Core i5 Processor (11th Gen)8 GB DDR4 RAM64 bit Windows 10 Operating System512 GB SSD39.62 cm (15.6 inch) DisplayMicrosoft Office Home & Student 2019, HP Documentation, HP CoolSense, HP SSRM, HP Smart1 Year Domestic Brand Warranty on Device",22% off
44,"ASUS Vivobook 15, with Backlit Keyboard, Intel Core i5 13th Gen 1335U - (8 GB/512 GB SSD/Windows 11 Ho...","₹45,990","₹74,990",Intel Core i5 Processor (13th Gen)8 GB DDR4 RAMWindows 11 Operating System512 GB SSD39.62 cm (15.6 Inch) Display1 Year Onsite Warranty,38% off
45,Lenovo IdeaPad Slim 3 Intel Core i5 12th Gen 12450H - (8 GB/512 GB SSD/Windows 11 Home) 15IAH8 Thin an...,"₹45,990","₹68,790",Intel Core i5 Processor (12th Gen)8 GB LPDDR5 RAMWindows 11 Operating System512 GB SSD39.62 cm (15.6 Inch) Display1 Yr. Onsite,33% off
46,"DELL Inspiron 15 with Backlit Keyboard, Intel Core i5 12th Gen 1235U - (8 GB/512 GB SSD/Windows 11 Hom...","₹46,480","₹65,973",Intel Core i5 Processor (12th Gen)8 GB DDR4 RAM64 bit Windows 11 Operating System512 GB SSD39.62 cm (15.6 Inch) Display1 Year Onsite Hardware Service,29% off
47,HP 15s Intel Core i5 12th Gen - (8 GB/512 GB SSD/Windows 11 Home) 15S-FQ5202TU Thin and Light Laptop,"₹46,480","₹59,999",Intel Core i5 Processor (12th Gen)8 GB DDR4 RAMWindows 11 Operating System512 GB SSD39.62 cm (15.6 inch) Display1-year warranty,22% off
48,Lenovo IdeaPad Slim 3 Intel Core i5 12th Gen 1235U - (8 GB/512 GB SSD/Windows 11 Home) 15IAU7 Thin and...,"₹47,490","₹76,890",Intel Core i5 Processor (12th Gen)8 GB DDR4 RAM64 bit Windows 11 Operating System512 GB SSD39.62 cm (15.6 Inch) Display2 Yr Warranty,38% off
49,DELL Inspiron Intel Core i5 11th Gen 1135G7 - (8 GB/512 GB SSD/Windows 11 Home) New Inspiron 15 3000 T...,"₹47,490","₹75,000",Intel Core i5 Processor (11th Gen)8 GB DDR4 RAM64 bit Windows 11 Operating System512 GB SSD39.62 cm (15.6 Inch) Display1 Year Onsite Hardware Service,36% off
50,DELL Inspiron Intel Core i5 11th Gen 1135G7 - (8 GB/512 GB SSD/Windows 11 Home) Inspiron 3511 Thin and...,"₹47,490","₹76,139",Intel Core i5 Processor (11th Gen)8 GB DDR4 RAM64 bit Windows 11 Operating System512 GB SSD39.62 cm (15.6 inch) Display1 Year Onsite Warranty,37% off
51,DELL Inspiron Intel Core i5 12th Gen Core i5 - (8 GB/512 GB SSD/Windows 11 Home) 3520 Laptop,"₹47,490","₹65,104",Intel Core i5 Processor (12th Gen)8 GB DDR4 RAM64 bit Windows 11 Operating System512 GB SSD39.62 cm (15.6 inch) DisplayOffice Home & Student 20211 Year Onsite Warranty,27% off
52,DELL Intel Core i5 11th Gen - (8 GB/512 GB SSD/Windows 11 Home) D560784WIN9S Laptop,"₹47,490","₹74,619",Intel Core i5 Processor (11th Gen)8 GB DDR4 RAMWindows 11 Operating System512 GB SSD39.62 cm (15.6 inch) Display1 YEAR,36% off
53,Lenovo IdeaPad Slim 3 Intel Core i5 12th Gen 12450H - (8 GB/512 GB SSD/Windows 11 Home) 15IAH8 Thin an...,"₹47,500","₹59,500",Intel Core i5 Processor (12th Gen)8 GB LPDDR5 RAMWindows 11 Operating System512 GB SSD39.62 cm (15.6 Inch) Display1 Year Carry-in Warranty,20% off
54,Infinix X1 Slim Series Intel Core i5 10th Gen 1035G1 - (16 GB/512 GB SSD/Windows 11 Home) XL21 Thin an...,"₹47,701","₹64,999",Intel Core i5 Processor (10th Gen)16 GB LPDDR4X RAM64 bit Windows 11 Operating System512 GB SSD35.56 cm (14 Inch) DisplayNA1 Year Onsite Warranty,26% off
55,HP (2024) Laptop with Backlit Keyboard Intel Core i5 12th Gen 1235U - (8 GB/512 GB SSD/Windows 11 Home...,"₹47,890","₹59,569",Intel Core i5 Processor (12th Gen)8 GB DDR4 RAM64 bit Windows 11 Operating System512 GB SSD39.62 cm (15.6 inch) Display1 Year Warranty,19% off
56,ASUS Vivobook 15 Intel Core i5 12th Gen - (16 GB/512 GB SSD/Windows 11 Home) X1504ZA-NJ542WS Thin and ...,"₹47,890","₹74,990",Intel Core i5 Processor (12th Gen)16 GB LPDDR5 RAMWindows 11 Operating System512 GB SSD39.62 cm (15.6 inch) Display1 Year Warranty,36% off
57,DELL Intel Core i5 12th Gen 1235U - (8 GB/512 GB SSD/Windows 11 Home) Vostro 3420 Thin and Light Lapto...,"₹47,890","₹83,153",Intel Core i5 Processor (12th Gen)8 GB DDR4 RAMWindows 11 Operating System512 GB SSD35.56 cm (14 Inch) Display1 Year Onsite Hardware Service,42% off
58,MSI Modern 15 Intel Core i5 13th Gen 1335U - (8 GB/512 GB SSD/Windows 11 Home) Modern 15 B13M-291IN Th...,"₹47,990","₹64,990",Intel Core i5 Processor (13th Gen)8 GB DDR4 RAMWindows 11 Operating System512 GB SSD39.62 cm (15.6 Inch) Display1 Year Carry-in Warranty,26% off
59,ASUS Vivobook 15 Intel Core i5 12th Gen 1235U - (16 GB/512 GB SSD/Windows 11 Home) X1502ZA-EJ545WS Thi...,"₹47,990","₹74,990",Intel Core i5 Processor (12th Gen)16 GB DDR4 RAMWindows 11 Operating System512 GB SSD39.62 cm (15.6 Inch) Display1 Year Onsite Warranty,36% off
60,Lenovo IdeaPad 3 Intel Intel Core i5 11th Gen 1135G7 - (8 GB/512 GB SSD/Windows 11 Home) 15ITL6 Thin a...,"₹47,990","₹97,890",Intel Core i5 Processor (11th Gen)8 GB DDR4 RAM64 bit Windows 11 Operating System512 GB SSD39.62 cm (15.6 Inch) Display2 Yr Warranty,50% off
61,Lenovo IdeaPad Slim 3 Intel Core i5 11th Gen 1155G7 - (8 GB/512 GB SSD/Windows 11 Home) 15ITL6 Thin an...,"₹47,990","₹73,000",Intel Core i5 Processor (11th Gen)8 GB DDR4 RAM64 bit Windows 11 Operating System512 GB SSD39.62 cm (15.6 inch) Display2 Yr Warranty,34% off
62,MSI Modern 14 Intel Core i5 13th Gen 1335U - (16 GB/512 GB SSD/Windows 11 Home) Modern 14 C13M-436IN T...,"₹47,990","₹73,990",Intel Core i5 Processor (13th Gen)16 GB DDR4 RAMWindows 11 Operating System512 GB SSD35.56 cm (14 Inch) Display1 Year Carry-in Warranty,35% off
63,"ASUS Vivobook 15, with Backlit Keyboard, Intel Core i5 12th Gen 1235U - (16 GB/512 GB SSD/Windows 11 H...","₹47,990","₹74,990",Intel Core i5 Processor (12th Gen)16 GB DDR4 RAMWindows 11 Operating System512 GB SSD39.62 cm (15.6 Inch) Display1 Year Onsite warranty,36% off
64,ASUS VivoBook 14 Intel Core i5 13th Gen 1335U - (8 GB/512 GB SSD/Windows 11 Home) X1404VA-NK521WS Thin...,"₹47,990","₹74,990",Intel Core i5 Processor (13th Gen)8 GB DDR4 RAMWindows 11 Operating System512 GB SSD35.56 cm (14 Inch) Display1 Year Onsite Warranty,36% off
65,Infinix INBook X1 Intel Core i5 10th Gen 1035G1 - (8 GB/512 GB SSD/Windows 11 Home) XL11 Thin and Ligh...,"₹47,990","₹59,999",Intel Core i5 Processor (10th Gen)8 GB LPDDR4X RAM64 bit Windows 11 Operating System512 GB SSD35.56 cm (14 inch) Display1 year Onsite Warranty,20% off
66,"ASUS Vivobook 15, with Backlit Keyboard, Intel Core i5 12th Gen 1235U - (16 GB/512 GB SSD/Windows 11 H...","₹47,990","₹74,990",Intel Core i5 Processor (12th Gen)16 GB DDR4 RAMWindows 11 Operating System512 GB SSD39.62 cm (15.6 Inch) Display1 Year Onsite Warranty,36% off
67,ASUS Vivobook 15 Intel Core i5 12th Gen 1235U - (16 GB/512 GB SSD/Windows 11 Home) X1504ZA-NJ549WS Thi...,"₹47,990","₹66,990",Intel Core i5 Processor (12th Gen)16 GB DDR4 RAMWindows 11 Operating System512 GB SSD39.62 cm (15.6 Inch) Display1 Year Onsite Warranty,28% off
68,"ASUS Vivobook 15, with Backlit Keyboard, Intel Core i5 12th Gen 1235U - (16 GB/512 GB SSD/Windows 11 H...","₹47,990","₹73,990",Intel Core i5 Processor (12th Gen)16 GB DDR4 RAMWindows 11 Operating System512 GB SSD39.62 cm (15.6 Inch) Display1 Year Onsite Warranty,35% off
69,DELL Intel Core i5 13th Gen 1334U - (8 GB/512 GB SSD/Windows 11 Home) Inspiron 3530 Thin and Light Lap...,"₹48,390","₹63,416",Intel Core i5 Processor (13th Gen)8 GB DDR4 RAM64 bit Windows 11 Operating System512 GB SSD39.62 cm (15.6 inch) Display1 Year Onsite Hardware Service,23% off
70,HP Intel Core i5 12th Gen 1235U - (8 GB/512 GB SSD/Windows 11 Home) 15s-fq5202TU Thin and Light Laptop,"₹48,600","₹65,200",Intel Core i5 Processor (12th Gen)8 GB DDR4 RAMWindows 11 Operating System512 GB SSD39.62 cm (15.6 inch) Display1 Year Onsite Warranty,25% off
71,Lenovo IdeaPad 3 Intel Intel Core i5 12th Gen 1235U - (8 GB/512 GB SSD/Windows 11 Home) 15IAU7 Thin an...,"₹48,600","₹85,400",Intel Core i5 Processor (12th Gen)8 GB DDR4 RAM64 bit Windows 11 Operating System512 GB SSD39.62 cm (15.6 Inch) Display2 Yr Warranty,43% off
72,DELL Intel Core i5 11th Gen - (8 GB/512 GB SSD/Windows 11 Home) D560785WIN9S Laptop,"₹48,999","₹85,000",Intel Core i5 Processor (11th Gen)8 GB DDR4 RAMWindows 11 Operating System512 GB SSD39.62 cm (15.6 inch) Display1 Year,42% off
73,HP Laptop with Backlit Keyboard Intel Core i5 11th Gen - (16 GB/512 GB SSD/Windows 11 Home) 15s-fq2510...,"₹49,000","₹61,500",Intel Core i5 Processor (11th Gen)16 GB DDR4 RAM64 bit Windows 11 Operating System512 GB SSD39.62 cm (15.6 inch) Display1 Year Onsite Warranty,20% off
74,Lenovo Ideapad Slim 3i (2021) Intel Core i5 11th Gen - (8 GB/512 GB SSD/Windows 10 Home) 15ITL05 Thin ...,"₹49,000","₹85,000",Intel Core i5 Processor (11th Gen)8 GB DDR4 RAMWindows 10 Operating System512 GB SSD39.62 cm (15.6 inch) DisplayMS OFFICE 20192 Year Onsite Warranty,42% off
75,DELL Inspiron Intel Core i5 11th Gen 1135G7 - (8 GB/512 GB SSD/Windows 11 Home) 3511 Thin and Light La...,"₹49,000","₹67,700",Intel Core i5 Processor (11th Gen)8 GB DDR4 RAM64 bit Windows 11 Operating System512 GB SSD39.62 cm (15.6 inch) DisplayMicrosoft Office Home & Student 20211 Year Onsite Hardware Service,27% off
76,HP 15s Intel Core i5 12th Gen 1235U - (16 GB/512 GB SSD/Windows 11 Home) 15s-fq5112TU Thin and Light L...,"₹49,472","₹73,400",Intel Core i5 Processor (12th Gen)16 GB DDR4 RAM64 bit Windows 11 Operating System512 GB SSD39.62 cm (15.6 inch) Display1 Year Onsite Warranty,32% off
77,HP Intel Core i5 12th Gen - (16 GB/512 GB SSD/Windows 11 Home) 15S-FY5009TU Thin and Light Laptop,"₹49,490","₹62,417",Intel Core i5 Processor (12th Gen)16 GB DDR4 RAMWindows 11 Home Operating System512 GB SSD39.62 cm (15.6 inch) Display1 Year Onsite Warranty,20% off
78,"DELL Inspiron 15 3520 with Backlit Keyboard, Intel Core i5 12th Gen Core i5 - (16 GB/512 GB SSD/Window...","₹49,490","₹78,900","Intel Core i5 Processor (12th Gen)16 GB DDR4 RAM64 bit Windows 11 Operating System512 GB SSD39.62 cm (15.6 inch) DisplayOffice Home & Student 2021, Microsoft Windows, 15 Months Macafee Antivirus1 Year Onsite Warranty",37% off
79,HP 14s Intel Core i5 11th Gen 1135G7 - (8 GB/512 GB SSD/Windows 10 Home) 14s- DR2016TU Thin and Light ...,"₹49,699","₹74,990","Intel Core i5 Processor (11th Gen)8 GB DDR4 RAM64 bit Windows 10 Operating System512 GB SSD35.56 cm (14 inch) DisplayMicrosoft Office Home & Student 2019, HP Documentation, HP Smart1 Year Onsite Warranty",33% off
80,DELL Inspiron Intel Core i5 11th Gen 1135G7 - (16 GB/512 GB SSD/Windows 11 Home) INSPIRON 3511 Thin an...,"₹49,749","₹84,998",Intel Core i5 Processor (11th Gen)16 GB DDR4 RAM64 bit Windows 11 Operating System512 GB SSD39.62 cm (15.6 Inch) Display1 Year Onsite Warranty,41% off
81,DELL Intel Core i5 12th Gen 1235U - (16 GB/512 GB SSD/Windows 11 Home) Inspiron 3520 Thin and Light La...,"₹49,890","₹64,890",Intel Core i5 Processor (12th Gen)16 GB DDR4 RAMWindows 11 Operating System512 GB SSD39.62 cm (15.6 Inch) Display1 Year Onsite Hardware Service,23% off
82,"DELL Inspiron 15 with Backlit Keyboard, Intel Core i5 13th Gen 1334U - (8 GB/512 GB SSD/Windows 11 Hom...","₹49,890","₹66,056",Intel Core i5 Processor (13th Gen)8 GB DDR4 RAM64 bit Windows 11 Operating System512 GB SSD39.62 cm (15.6 inch) Display1 Year Onsite Hardware Service,24% off
83,DELL Inspiron Intel Core i5 12th Gen 1235U - (8 GB/512 GB SSD/Windows 11 Home) Inspiron 3520 Thin and ...,"₹49,899","₹80,000",Intel Core i5 Processor (12th Gen)8 GB DDR4 RAM64 bit Windows 11 Operating System512 GB SSD39.62 cm (15.6 Inch) Display1 Year Onsite Hardware Service,37% off
84,DELL Inspiron Intel Core i5 11th Gen 11320H - (16 GB/512 GB SSD/Windows 11 Home) Inspiron 5518 Thin an...,"₹49,903","₹90,783",Intel Core i5 Processor (11th Gen)16 GB DDR4 RAM64 bit Windows 11 Operating System512 GB SSD39.62 cm (15.6 Inch) Display1 Year Onsite Warranty,45% off
85,ASUS TUF Gaming F15 - AI Powered Gaming Intel Core i5 11th Gen 11400H - (8 GB/512 GB SSD/Windows 11 Ho...,"₹49,980","₹74,990",Intel Core i5 Processor (11th Gen)8 GB DDR4 RAMWindows 11 Operating System512 GB SSD39.62 cm (15.6 Inch) Display1 Year Onsite Warranty,33% off
86,Acer Aspire Lite Premium Metal Body Laptop Intel Core i5 11th Gen 1155G7 - (8 GB/1 TB SSD/Windows 11 H...,"₹49,990","₹66,990",Intel Core i5 Processor (11th Gen)8 GB DDR4 RAM64 bit Windows 11 Operating System1 TB SSD39.62 cm (15.6 inch) Display1 Year Warranty,25% off
87,Infinix X Air Pro+ Intel Core i5 13th Gen 1334U - (16 GB/512 GB SSD/Windows 11 Home) XL434 Thin and Li...,"₹49,990","₹69,990",Intel Core i5 Processor (13th Gen)16 GB LPDDR4X RAM64 bit Windows 11 Home Operating System512 GB SSD35.56 cm (14 inch) Display1 Year Onsite Warranty,28% off
88,MSI GL Series Intel Core i5 8th Gen 8300H - (8 GB/1 TB HDD/Windows 10 Home/4 GB Graphics/NVIDIA GeForc...,"₹49,990","₹69,990","Intel Core i5 Processor (8th Gen)8 GB DDR4 RAM64 bit Windows 10 Operating System1 TB HDD39.62 cm (15.6 inch) DisplayDragon Center 2.0, WTFast, SHIFT, Cooler Boost 5, Nahimic 32 Years Carry In Warranty",28% off
89,HP Intel Core i5 12th Gen 1235U - (8 GB/1 TB SSD/Windows 11 Home) 15s-fq5331TU Thin and Light Laptop,"₹49,990","₹68,223",Intel Core i5 Processor (12th Gen)8 GB DDR4 RAMWindows 11 Operating System1 TB SSD39.62 cm (15.6 Inch) Display1 Year Onsite warranty,26% off
90,DELL Intel Core i5 12th Gen 1235U - (8 GB/1 TB HDD/256 GB SSD/Windows 11 Home) New Inspiron 15 Laptop ...,"₹49,990","₹81,550",Intel Core i5 Processor (12th Gen)8 GB DDR4 RAM64 bit Windows 11 Operating System1 TB HDD|256 GB SSD39.62 cm (15.6 inch) Display1 Year Onsite Hardware Service,38% off
91,ASUS TUF Gaming F15 - AI Powered Gaming Intel Core i5 11th Gen 11260H - (8 GB/512 GB SSD/Windows 11 Ho...,"₹49,990","₹77,990",Intel Core i5 Processor (11th Gen)8 GB DDR4 RAMWindows 11 Operating System512 GB SSD39.62 cm (15.6 inch) Display1 Year Onsite Warranty,35% off
92,Infinix X Air Pro+ Intel Core i5 13th Gen 1334U - (16 GB/512 GB SSD/Windows 11 Home) XL434 Thin and Li...,"₹49,990","₹69,990",Intel Core i5 Processor (13th Gen)16 GB LPDDR4X RAM64 bit Windows 11 Home Operating System512 GB SSD35.56 cm (14 inch) Display1 Year Onsite Warranty,28% off
93,Acer Aspire Lite Intel Core i5 12th Gen 1235U - (16 GB/1 TB SSD/Windows 11 Home) AL15-52 Thin and Ligh...,"₹49,999","₹66,970",Intel Core i5 Processor (12th Gen)16 GB DDR4 RAMWindows 11 Operating System1 TB SSD39.62 cm (15.6 Inch) Display1 Year Onsite Warranty,25% off
94,Lenovo Ideapad Intel Core i5 12th Gen 12450H - (16 GB/512 GB SSD/Windows 11 Home/4 GB Graphics) 15IAH8...,"₹50,000","₹65,000",Intel Core i5 Processor (12th Gen)16 GB LPDDR5 RAMWindows 11 Operating System512 GB SSD39.62 cm (15.6 Inch) DisplayOffice Home & Student 20211 Yr. Onsite + 1 Yr. Accidental Damage Protection,23% off
95,HP 15s Intel Core i5 8th Gen 8265U - (8 GB/1 TB HDD/Windows 10 Home) 15s-du0051TU Thin and Light Lapto...,"₹50,176","₹56,538","Intel Core i5 Processor (8th Gen)8 GB DDR4 RAM64 bit Windows 10 Operating System1 TB HDD39.62 cm (15.6 inch) DisplayMicrosoft Office 2019 Home and Student, HP Documentation, HP BIOS Recovery, HP Smart1 Year Onsite Warranty",11% off
96,Acer Aspire Lite Premium Metal Body Laptop Intel Core i5 11th Gen 1155G7 - (8 GB/1 TB SSD/Windows 11 H...,"₹49,990","₹66,990",Intel Core i5 Processor (11th Gen)8 GB DDR4 RAM64 bit Windows 11 Operating System1 TB SSD39.62 cm (15.6 inch) Display1 Year Warranty,25% off
97,Acer Aspire Lite Intel Core i5 12th Gen 1235U - (16 GB/1 TB SSD/Windows 11 Home) AL15-52 Thin and Ligh...,"₹49,999","₹66,970",Intel Core i5 Processor (12th Gen)16 GB DDR4 RAMWindows 11 Operating System1 TB SSD39.62 cm (15.6 Inch) Display1 Year Onsite Warranty,25% off
98,Lenovo Ideapad Intel Core i5 12th Gen 12450H - (16 GB/512 GB SSD/Windows 11 Home/4 GB Graphics) 15IAH8...,"₹50,000","₹65,000",Intel Core i5 Processor (12th Gen)16 GB LPDDR5 RAMWindows 11 Operating System512 GB SSD39.62 cm (15.6 Inch) DisplayOffice Home & Student 20211 Yr. Onsite + 1 Yr. Accidental Damage Protection,23% off
99,HP 15s Intel Core i5 8th Gen 8265U - (8 GB/1 TB HDD/Windows 10 Home) 15s-du0051TU Thin and Light Lapto...,"₹50,176","₹56,538","Intel Core i5 Processor (8th Gen)8 GB DDR4 RAM64 bit Windows 10 Operating System1 TB HDD39.62 cm (15.6 inch) DisplayMicrosoft Office 2019 Home and Student, HP Documentation, HP BIOS Recovery, HP Smart1 Year Onsite Warranty",11% off
100,Lenovo ThinkBook 15 G4 Intel Core i5 12th Gen 1235U - (8 GB/512 GB SSD/Windows 11 Home) TB15 G4 IAP Th...,"₹50,190","₹1,02,240",Intel Core i5 Processor (12th Gen)8 GB DDR4 RAMWindows 11 Operating System512 GB SSD39.62 cm (15.6 Inch) Display1 Year Onsite Warranty,50% off
101,ASUS Pro P5 Intel Core i5 8th Gen 8265U - (8 GB/1 TB HDD/Windows 10 Pro) Pro P5 P5440FA Thin and Light...,"₹50,223","₹81,990",Intel Core i5 Processor (8th Gen)8 GB DDR4 RAM64 bit Windows 10 Operating System1 TB HDD35.56 cm (14 inch) Display1 Year Manufacturer Warranty on the Device and 6 Months Manufacturer Warranty on Included Accessories from the Date of Purchase,38% off
102,HP Intel Intel Core i5 12th Gen - (8 GB/512 GB SSD/Windows 11 Home) 15s-FQ5009TU Notebook,"₹50,410","₹65,777",Intel Core i5 Processor (12th Gen)8 GB DDR4 RAMWindows 11 Operating System512 GB SSD39.62 cm (15.6 inch) Display1 year (1/1/1) limited warranty includes 1 year of parts and labor. On-site repair. Terms and conditions vary by country. Certain restrictions and exclusions apply.,23% off
103,Acer Aspire 5 gaming Intel Core i5 12th Gen 1240P - (8 GB/512 GB SSD/Windows 11 Home/4 GB Graphics/NVI...,"₹50,460","₹79,999",Intel Core i5 Processor (12th Gen)8 GB DDR4 RAM64 bit Windows 11 Operating System512 GB SSD39.62 cm (15.6 inch) Display1 Year International Travelers Warranty (ITW),36% off
104,DELL Vostro 14 3000 Intel Core i5 8th Gen 8265U - (8 GB/1 TB HDD/Windows 10 Home/2 GB Graphics) vos 34...,"₹50,575","₹54,516","Intel Core i5 Processor (8th Gen)8 GB DDR4 RAM64 bit Windows 10 Operating System1 TB HDD35.56 cm (14 inch) Display1 Year Limited Hardware Warranty, InHome Service After Remote Diagnosis",7% off
105,Lenovo IdeaPad Gaming 3 Intel Core i5 11th Gen 11320H - (8 GB/512 GB SSD/Windows 11 Home/4 GB Graphics...,"₹50,990","₹84,999",Intel Core i5 Processor (11th Gen)8 GB DDR4 RAMWindows 11 Operating System512 GB SSD39.62 cm (15.6 inch) Display1 Year Onsite Warranty,40% off
106,MSI GF63 Thin Intel Core i5 11th Gen 11400H - (8 GB/512 GB SSD/Windows 11 Home/4 GB Graphics/NVIDIA Ge...,"₹50,990","₹64,990","Intel Core i5 Processor (11th Gen)8 GB DDR4 RAM64 bit Windows 11 Operating System512 GB SSD39.62 cm (15.6 inch) DisplayWindows 11 Home, MSI Center, CoolerBoost2 Year On-Site & Carry-In Warranty",21% off
107,DELL Intel Core i5 11th Gen 1135G7 - (8 GB/512 GB SSD/Windows 11 Home) Vostro 3420 Notebook,"₹50,990","₹67,990",Intel Core i5 Processor (11th Gen)8 GB DDR4 RAM64 bit Windows 11 Operating System512 GB SSD35.56 cm (14 inch) Display1 Year Onsite Hardware Service,25% off
108,Colorful XS Series Intel Core i5 12th Gen 12500H - (16 GB/512 GB SSD/Windows 11 Home/4 GB Graphics/NVI...,"₹50,990","₹89,999",Intel Core i5 Processor (12th Gen)16 GB DDR4 RAMWindows 11 Operating System512 GB SSD39.62 cm (15.6 Inch) Display2 Year Carry-in Warranty,43% off
109,Acer Intel Core i5 13th Gen - (8 GB/512 GB SSD/Windows 11 Home) Aspire 5 A515-58M Laptop,"₹50,990","₹57,999",Intel Core i5 Processor (13th Gen)8 GB DDR5 RAMWindows 11 Home Operating System512 GB SSD39.62 cm (15.6 inch) Display1 YEAR,12% off
110,HP 15s Intel Core i5 10th Gen 10210U - (8 GB/1 TB HDD/Windows 10 Home) 15s-DU1034TU Thin and Light Lap...,"₹50,990","₹57,396","Intel Core i5 Processor (10th Gen)8 GB DDR4 RAM64 bit Windows 10 Operating System1 TB HDD39.62 cm (15.6 inch) DisplayHP Audio Switch, HP Documentation, HP ePrint, HP e-Service, HP JumpStart, HP Recovery Manager, HP Support Assistant, HP Connection Optimizer, Microsoft Office Home and Student 20191 Year Onsite Warranty",11% off
111,Acer Aspire 7 Intel Core i5 12th Gen 12450H - (16 GB/512 GB SSD/Windows 11 Home/4 GB Graphics/NVIDIA G...,"₹50,990","₹99,999",Intel Core i5 Processor (12th Gen)16 GB DDR4 RAMWindows 11 Operating System512 GB SSD39.62 cm (15.6 Inch) Display1 Year Onsite Warranty,49% off
112,HP Intel Core i5 12th Gen 1235U - (16 GB/512 GB SSD/Windows 11 Home) 15s-fq5330TU|15-fd0111TU Thin and...,"₹50,990","₹62,526",Intel Core i5 Processor (12th Gen)16 GB DDR4 RAMWindows 11 Operating System512 GB SSD39.62 cm (15.6 inch) Display1 Year Onsite warranty,18% off
113,ASUS Vivobook 15X Intel Core i5 13th Gen 1335U - (16 GB/512 GB SSD/Windows 11 Home) K3504VAB-NJ541WS T...,"₹50,990","₹80,990",Intel Core i5 Processor (13th Gen)16 GB DDR4 RAMWindows 11 Operating System512 GB SSD39.62 cm (15.6 Inch) Display1 Year Onsite Warranty,37% off
114,DELL Inspiron Intel Core i5 11th Gen 1135G7 - (8 GB/1 TB HDD/256 GB SSD/Windows 11 Home) INSPIRON 3511...,"₹50,999","₹85,000",Intel Core i5 Processor (11th Gen)8 GB DDR4 RAM64 bit Windows 11 Operating System1 TB HDD|256 GB SSD39.62 cm (15.6 inch) Display1 Year Onsite Warranty,40% off
115,HP 250 G9 Intel Core i5 12th Gen 12th Generation Intel Core i5-1235U Processor - (8 GB/512 GB SSD/Wind...,"₹50,999","₹75,000",Intel Core i5 Processor (12th Gen)8 GB DDR4 RAM32 bit Windows 11 Operating System512 GB SSD39.62 cm (15.6 inch) DisplayWindows 111 year Domestic warranty,32% off
116,DELL Inspiron Intel Core i5 11th Gen 1135G7 - (8 GB/1 TB HDD/256 GB SSD/Windows 11 Home) INSPIRON 3511...,"₹50,999","₹85,000",Intel Core i5 Processor (11th Gen)8 GB DDR4 RAM64 bit Windows 11 Operating System1 TB HDD|256 GB SSD39.62 cm (15.6 inch) DisplayOffice Home and Student 20211 Year Onsite Warranty,40% off
117,HP 15s Intel Core i5 13th Gen 1335U - (8 GB/512 GB SSD/Windows 11 Home) 15-fd0011TU Thin and Light Lap...,"₹51,290","₹72,780",Intel Core i5 Processor (13th Gen)8 GB DDR4 RAM64 bit Windows 11 Operating System512 GB SSD39.62 cm (15.6 Inch) Display1 Year Onsite Warranty,29% off
118,Lenovo IdeaPad Slim 3 Intel Core i5 12th Gen 12450H - (16 GB/512 GB SSD/Windows 11 Home) 15IAH8 Thin a...,"₹51,300","₹72,220",Intel Core i5 Processor (12th Gen)16 GB LPDDR5 RAMWindows 11 Operating System512 GB SSD39.62 cm (15.6 Inch) Display1 Yr. Onsite + 1 Yr. Accidental Damage Protection,28% off
119,ASUS Intel Core i5 12th Gen 12500H - (16 GB/512 GB SSD/Windows 11 Home) X1605ZAC-MB540WS Thin and Ligh...,"₹51,899","₹72,990",Intel Core i5 Processor (12th Gen)16 GB DDR4 RAMWindows 11 Operating System512 GB SSD40.64 cm (16 inch) Display1 Year Onsite Warranty,28% off
120,SAMSUNG Galaxy Book 2 Intel Core i5 12th Gen 1235U - (8 GB/512 GB SSD/Windows 11 Home) NP550 Thin and ...,"₹52,990","₹82,990",Intel Core i5 Processor (12th Gen)8 GB DDR4 RAMWindows 11 Operating System512 GB SSD39.62 cm (15.6 Inch) Display1 Year Onsite Warranty,36% off
121,DELL Intel Core i5 13th Gen 1334U - (8 GB/512 GB SSD/Windows 11 Home) Vostro 3530 Thin and Light Lapto...,"₹52,990","₹59,990",Intel Core i5 Processor (13th Gen)8 GB DDR4 RAMWindows 11 Operating System512 GB SSD39.62 cm (15.6 Inch) Display1 Year Onsite Hardware Service,11% off
122,Acer Aspire 7 Intel Core i5 12th Gen 12450H - (16 GB/512 GB SSD/Windows 11 Home/4 GB Graphics/NVIDIA G...,"₹52,990","₹84,999",Intel Core i5 Processor (12th Gen)16 GB DDR4 RAMWindows 11 Operating System512 GB SSD39.62 cm (15.6 Inch) Display1 Year Onsite Warranty,37% off
123,MSI GF63 Intel Core i5 12th Gen 12450H - (8 GB/512 GB SSD/Windows 11 Home/4 GB Graphics/NVIDIA GeForce...,"₹52,990","₹94,990",Intel Core i5 Processor (12th Gen)8 GB DDR4 RAMWindows 11 Operating System512 GB SSD39.62 cm (15.6 Inch) Display2 Year Carry-in Warranty,44% off
124,HP Intel Core i5 13th Gen 1335U - (8 GB/512 GB SSD/Windows 11 Home) 15-fd0187TU Thin and Light Laptop,"₹52,990","₹70,841",Intel Core i5 Processor (13th Gen)8 GB DDR4 RAMWindows 11 Operating System512 GB SSD39.62 cm (15.6 Inch) Display1 Year Onsite Warranty,25% off
125,ASUS Intel Core i5 12th Gen 12500H - (16 GB/512 GB SSD/Windows 11 Home) X1605ZAC-MB542WS Thin and Ligh...,"₹52,990","₹72,990",Intel Core i5 Processor (12th Gen)16 GB DDR4 RAMWindows 11 Operating System512 GB SSD40.64 cm (16 Inch) Display1 Year Onsite Warranty,27% off
126,HP Intel Core i5 12th Gen 1235U - (16 GB/512 GB SSD/Windows 11 Home) 15s- fr5011TU Thin and Light Lapt...,"₹52,990","₹71,641",Intel Core i5 Processor (12th Gen)16 GB DDR4 RAM64 bit Windows 11 Operating System512 GB SSD39.62 cm (15.6 inch) DisplayMicrosoft Office Home & Student 20211 Year Onsite Warranty,26% off
127,ASUS VivoBook Gaming Intel Core i5 8th Gen 8300H - (8 GB/512 GB SSD/Windows 10 Home/4 GB Graphics/NVID...,"₹52,990","₹68,900",Intel Core i5 Processor (8th Gen)8 GB DDR4 RAM64 bit Windows 10 Operating System512 GB SSD39.62 cm (15.6 inch) Display1 Year Onsite Warranty,23% off
128,Acer Notebook Intel Core i5 13th Gen 1335U - (16 GB/512 GB SSD/Windows 11 Home) A515-58M Thin and Ligh...,"₹52,990","₹69,990",Intel Core i5 Processor (13th Gen)16 GB LPDDR5 RAMWindows 11 Operating System512 GB SSD39.62 cm (15.6 Inch) Display1 Year Carry-in Warranty,24% off
129,Infinix INBook X2 Plus Intel Core i5 11th Gen 1155G7 - (16 GB/512 GB SSD/Windows 11 Home) XL25 Thin an...,"₹53,029","₹59,990",Intel Core i5 Processor (11th Gen)16 GB LPDDR4X RAM64 bit Windows 11 Operating System512 GB SSD39.62 cm (15.6 Inch) Display1 Year Onsite Warranty,11% off
130,Acer Travelmate P2 Intel Core i5 11th Gen 1135G7 - (16 GB/512 GB SSD/Windows 10 Home) P215-53 Laptop,"₹53,130","₹79,999",Intel Core i5 Processor (11th Gen)16 GB DDR4 RAM64 bit Windows 10 Operating System512 GB SSD39.62 cm (15.6 inch) Display1 Year International Travelers Warranty (ITW),33% off
131,Lenovo IdeaPad Slim 3 Intel Core i5 12th Gen 12450H - (16 GB/512 GB SSD/Windows 11 Home) 14IAH8 Thin a...,"₹53,460","₹69,890",Intel Core i5 Processor (12th Gen)16 GB LPDDR5 RAMWindows 11 Operating System512 GB SSD35.56 cm (14 Inch) Display1 Yr. Onsite + 1 Yr. Accidental Damage Protection,23% off
132,HP 15s Intel Core i5 11th Gen 1135G7 - (8 GB/512 GB SSD/Windows 11 Home) 15s-du3517TU Thin and Light L...,"₹53,490","₹70,171",Intel Core i5 Processor (11th Gen)8 GB DDR4 RAM64 bit Windows 11 Operating System512 GB SSD39.62 cm (15.6 inch) DisplayOffice Home and Student 20191 Year Onsite Warranty,23% off
133,HP Intel Core i5 12th Gen 1240P - (8 GB/512 GB SSD/Windows 11 Home) 14s-dq5007tu Thin and Light Laptop,"₹53,490","₹72,315",Intel Core i5 Processor (12th Gen)8 GB DDR4 RAMWindows 11 Operating System512 GB SSD35.56 cm (14 Inch) Display1 Year Onsite Warranty,26% off
134,HP 15s Intel Core i5 11th Gen 1155G7 - (16 GB/512 GB SSD/Windows 11 Home) 15s-fr4001TU Thin and Light ...,"₹53,490","₹64,175",Intel Core i5 Processor (11th Gen)16 GB DDR4 RAM64 bit Windows 11 Operating System512 GB SSD39.62 cm (15.6 Inch) Display1 Year Onsite Warranty,16% off
135,ASUS Vivobook 16 Intel Core i5 12th Gen 12500H - (16 GB/512 GB SSD/Windows 11 Home) X1605ZAC-MB541WS T...,"₹53,887","₹72,990",Intel Core i5 Processor (12th Gen)16 GB DDR4 RAMWindows 11 Operating System512 GB SSD40.64 cm (16 Inch) Display1 Year Onsite Warranty,26% off
136,ASUS VivoBook S Series Intel Core i5 8th Gen 8265U - (8 GB/1 TB HDD/256 GB SSD/Windows 10 Home) S430FA...,"₹53,990","₹68,990","Intel Core i5 Processor (8th Gen)8 GB DDR4 RAM64 bit Windows 10 Operating System1 TB HDD|256 GB SSD35.56 cm (14 inch) DisplayAsus GiftBox, Asus Splendid1 Year Limited International Hardware Warranty",21% off
137,ASUS Intel Core i5 11th Gen - (8 GB/512 GB SSD/Windows 11 Home/4 GB Graphics/NVIDIA GeForce RTX NVIDIA...,"₹53,990","₹75,990",Intel Core i5 Processor (11th Gen)8 GB DDR4 RAMWindows 11 Home Operating System512 GB SSD39.62 cm (15.6 inch) Display1 Year Warranty,28% off
138,Infinix GT Book Intel Core i5 12th Gen 12450H - (16 GB/512 GB SSD/Windows 11 Home/6 GB Graphics/NVIDIA...,"₹53,990","₹99,990",Intel Core i5 Processor (12th Gen)16 GB LPDDR5X RAMWindows 11 Operating System512 GB SSD40.64 cm (16 inch) DisplayControl Center1 Year Domestic Onsite Warranty On Laptop and 6 Months On Adapter,46% off
139,Lenovo IdeaPad Gaming 3 Intel Core i5 11th Gen 11320H - (8 GB/512 GB SSD/Windows 11 Home/4 GB Graphics...,"₹53,990","₹74,990",Intel Core i5 Processor (11th Gen)8 GB DDR4 RAMWindows 11 Operating System512 GB SSD100.63 cm (39.62 cm) DisplayNA1 Year Onsite Warranty,28% off
140,Acer Aspire 5 Gaming Intel Core i5 13th Gen 1335U - (16 GB/512 GB SSD/Windows 11 Home/4 GB Graphics/NV...,"₹53,990","₹93,990",Intel Core i5 Processor (13th Gen)16 GB DDR4 RAM64 bit Windows 11 Operating System512 GB SSD39.62 cm (15.6 inch) Display1 Year Onsite Warranty,42% off
141,ASUS TUF Gaming F17 - AI Powered Gaming Intel Core i5 11th Gen 11400H - (8 GB/512 GB SSD/Windows 11 Ho...,"₹53,990","₹77,990",Intel Core i5 Processor (11th Gen)8 GB DDR4 RAMWindows 11 Operating System512 GB SSD43.94 cm (17.3 Inch) Display1 Year Onsite Warranty,30% off
142,Acer ALG Intel Core i5 12th Gen 12450H - (16 GB/512 GB SSD/Windows 11 Home/4 GB Graphics/NVIDIA GeForc...,"₹53,990","₹79,990",Intel Core i5 Processor (12th Gen)16 GB DDR4 RAMWindows 11 Operating System512 GB SSD39.62 cm (15.6 Inch) Display1 Year Onsite Warranty,32% off
143,ASUS TUF Gaming F15 - AI Powered Gaming Intel Core i5 11th Gen 11260H - (8 GB/512 GB SSD/Windows 11 Ho...,"₹53,990","₹75,990",Intel Core i5 Processor (11th Gen)8 GB DDR4 RAMWindows 11 Operating System512 GB SSD39.62 cm (15.6 Inch) Display1 Year Carry-in Warranty,28% off
144,ASUS TUF Gaming F17 - AI Powered Gaming Intel Core i5 11th Gen 11400H - (16 GB/512 GB SSD/Windows 11 H...,"₹57,950","₹85,990",Intel Core i5 Processor (11th Gen)16 GB DDR4 RAMWindows 11 Operating System512 GB SSD43.94 cm (17.3 Inch) Display1 Year Onsite Warranty,32% off
145,SAMSUNG Galaxy Book4 Intel Core i5 13th Gen 1335U - (8 GB/512 GB SSD/Windows 11 Home) NP750XGJ-KG1IN /...,"₹57,990","₹78,189",Intel Core i5 Processor (13th Gen)8 GB LPDDR4X RAMWindows 11 Operating System512 GB SSD39.62 cm (15.6 Inch) Display1 Year Manufacturer Warranty for Laptop and 6 Months for In-Box Accessories,25% off
146,HP Victus Intel Core i5 12th Gen 12450H - (8 GB/512 GB SSD/Windows 11 Home/4 GB Graphics/NVIDIA GeForc...,"₹57,990","₹72,718",Intel Core i5 Processor (12th Gen)8 GB DDR4 RAMWindows 11 Operating System512 GB SSD39.62 cm (15.6 inch) Display1 Year Onsite Warranty,20% off
147,Acer ALG Intel Core i5 12th Gen 12450H - (16 GB/1 TB SSD/Windows 11 Home/4 GB Graphics/NVIDIA GeForce ...,"₹57,990","₹92,999",Intel Core i5 Processor (12th Gen)16 GB DDR4 RAMWindows 11 Operating System1 TB SSD39.62 cm (15.6 Inch) Display1 Year Onsite Warranty,37% off
148,HP Pavilion Intel Core i5 11th Gen 1155G7 - (16 GB/512 GB SSD/Windows 11 Home/2 GB Graphics) 15-eg1000...,"₹57,990","₹86,538",Intel Core i5 Processor (11th Gen)16 GB DDR4 RAM64 bit Windows 11 Operating System512 GB SSD39.62 cm (15.6 Inch) Display1 Year Onsite Warranty,32% off
149,ASUS Vivobook Gaming Intel Core i5 9th Gen 9300H - (8 GB/1 TB HDD/256 GB SSD/Windows 10 Home/4 GB Grap...,"₹57,990","₹77,990",Intel Core i5 Processor (9th Gen)8 GB DDR4 RAM64 bit Windows 10 Operating System1 TB HDD|256 GB SSD39.62 cm (15.6 inch) Display1 Year Onsite Warranty,25% off
150,MSI GF63 Thin Intel Core i5 9th Gen 9300H - (8 GB/512 GB SSD/Windows 10 Home/4 GB Graphics/NVIDIA GeFo...,"₹57,999","₹94,990","Intel Core i5 Processor (9th Gen)8 GB DDR4 RAM64 bit Windows 10 Operating System512 GB SSD39.62 cm (15.6 inch) DisplayCooler Boost, Audio Boost, Dragon Center, Nahimic 32 Years Carry In Warranty",38% off
151,HP 15s Intel Core i5 13th Gen 1334U - (16 GB/512 GB SSD/Windows 11 Home) 15-fd0013TU Thin and Light La...,"₹58,370","₹76,100",Intel Core i5 Processor (13th Gen)16 GB DDR4 RAM64 bit Windows 11 Operating System512 GB SSD39.62 cm (15.6 inch) Display1 Year Onsite Warranty,23% off
152,Lenovo IdeaPad Slim 5 Intel Core i5 12th Gen 1235U - (16 GB/512 GB SSD/Windows 11 Home) 15IAL7 Thin an...,"₹58,491","₹97,890",Intel Core i5 Processor (12th Gen)16 GB DDR4 RAM64 bit Windows 11 Operating System512 GB SSD39.62 cm (15.6 inch) Display1 Year Onsite warranty + 1 Year Accidental Damage Protection + 1 Year Premium Care,40% off
153,Acer Aspire Vero Intel Core i5 11th Gen 1155G7 - (8 GB/512 GB SSD/Windows 11 Home) AV15-51 Thin and Li...,"₹58,500","₹65,000","Intel Core i5 Processor (11th Gen)8 GB DDR4 RAM64 bit Windows 11 Operating System512 GB SSD39.62 cm (15.6 inch) DisplayAcer Care Center, Acer Product Registration1 Year International Travelers Warranty (ITW)",10% off
154,HP Victus Intel Core i5 11th Gen 11400H - (16 GB/512 GB SSD/Windows 11 Home/4 GB Graphics/NVIDIA GeFor...,"₹58,790","₹69,999",Intel Core i5 Processor (11th Gen)16 GB DDR4 RAM64 bit Windows 11 Operating System512 GB SSD40.89 cm (16.1 Inch) Display1 Year Onsite Warranty,16% off
155,Lenovo Intel Core i5 13th Gen - (16 GB/512 GB SSD/Windows 11 Pro) TB 15 G6 Laptop,"₹58,890","₹79,990",Intel Core i5 Processor (13th Gen)16 GB DDR5 RAMWindows 11 Operating System512 GB SSD40.64 cm (16 inch) Display1 year Onsite Warrenty,26% off
156,Acer Nitro V Intel Core i5 13th Gen 13420H - (8 GB/512 GB SSD/Windows 11 Home/4 GB Graphics/NVIDIA GeF...,"₹58,990","₹78,999",Intel Core i5 Processor (13th Gen)8 GB DDR5 RAMWindows 11 Operating System512 GB SSD39.62 cm (15.6 Inch) Display1 Year International Travelers Warranty (ITW),25% off
157,SAMSUNG Galaxy Book3 Intel Core i5 13th Gen 1335U - (8 GB/512 GB SSD/Windows 11 Home) NP750XFG-KB1IN T...,"₹58,990","₹93,900",Intel Core i5 Processor (13th Gen)8 GB LPDDR4X RAMWindows 11 Operating System512 GB SSD39.62 cm (15.6 Inch) Display1 Year Onsite Warranty,37% off
158,MSI Modern 15 H Intel Core i5 13th Gen 13420H - (16 GB/512 GB SSD/Windows 11 Home) Modern 15 H C13M Bu...,"₹58,990","₹71,990",Intel Core i5 Processor (13th Gen)16 GB DDR4 RAMWindows 11 Operating System512 GB SSD39.62 cm (15.6 inch) Display1 Year Warranty Term,18% off
159,Lenovo IdeaPad Slim 5 Intel Core i5 11th Gen 1135G7 - (16 GB/512 GB SSD/Windows 11 Home) IdeaPad 5 15I...,"₹58,990","₹89,990",Intel Core i5 Processor (11th Gen)16 GB DDR4 RAM64 bit Windows 11 Operating System512 GB SSD39.62 cm (15.6 Inch) Display1 Year Onsite�Warranty�+ 1 Year Premium Care + 1 Year Accidental Damage Protection,34% off
160,ASUS TUF Gaming F15 Intel Core i5 10th Gen 10200H - (8 GB/512 GB SSD/Windows 11 Home/4 GB Graphics/NVI...,"₹58,990","₹70,990",Intel Core i5 Processor (10th Gen)8 GB DDR4 RAMWindows 11 Operating System512 GB SSD39.62 cm (15.6 inch) Display1 Year Onsite Warranty,16% off
161,ASUS Vivobook 16 Intel Core i5 13th Gen 1335U - (16 GB/512 GB SSD/Windows 11 Home) X1605VAB-MB544WS Th...,"₹58,990","₹84,990",Intel Core i5 Processor (13th Gen)16 GB DDR4 RAMWindows 11 Operating System512 GB SSD40.64 cm (16 Inch) Display1 Year Onsite Warranty,30% off
162,Lenovo IdeaPad Gaming 3 Intel Intel Core i5 11th Gen 11300H - (8 GB/512 GB SSD/Windows 10 Home/4 GB Gr...,"₹58,999","₹93,690",Intel Core i5 Processor (11th Gen)8 GB DDR4 RAM64 bit Windows 10 Operating System512 GB SSD39.62 cm (15.6 inch) Display1 Year Warranty + 1 Year Premium Care + 1 Year ADP,37% off
163,DELL Intel Core i5 11th Gen 1135G7 - (8 GB/512 GB SSD/Windows 11 Pro) Vostro 3500 Notebook  with inbui...,"₹59,000","₹88,000",Intel Core i5 Processor (11th Gen)8 GB DDR4 RAM64 bit Windows 11 Operating System512 GB SSD39.62 cm (15.6 inch) DisplayMs office1 Year Onsite Warranty,32% off
164,DELL Vostro Intel Core i5 11th Gen 1135G7 - (8 GB/512 GB SSD/Windows 10) Vostro 3000 Thin and Light La...,"₹59,071","₹80,711",Intel Core i5 Processor (11th Gen)8 GB DDR4 RAM64 bit Windows 10 Operating System512 GB SSD35.56 cm (14 inch) DisplayMicrosoft Office Home & Student 20191 Year Onsite Warranty,26% off
165,DELL Inspiron 15 5000 Intel Core i5 8th Gen 8250U - (8 GB/2 TB HDD/Windows 10 Home/2 GB Graphics) 5570...,"₹59,400","₹62,317","Intel Core i5 Processor (8th Gen)8 GB DDR4 RAM64 bit Windows 10 Operating System2 TB HDD39.62 cm (15.6 inch) DisplayMicrosoft Office Home and Student 20161 Year Limited Hardware Warranty, InHome Service After Remote Diagnosis",4% off
166,DELL Intel Core i5 13th Gen - (8 GB/1 TB SSD/Windows 11 Home) IN5430NH6KJM01ORS1 Thin and Light Laptop,"₹59,740","₹88,264",Intel Core i5 Processor (13th Gen)8 GB LPDDR5 RAMWindows 11 Operating System1 TB SSD35.56 cm (14 inch) Display1-year warranty,32% off
167,HP Victus Intel Core i5 12th Gen 12450H - (8 GB/512 GB SSD/Windows 11 Pro/4 GB Graphics/NVIDIA GeForce...,"₹59,780","₹75,142",Intel Core i5 Processor (12th Gen)8 GB DDR4 RAMWindows 11 Operating System512 GB SSD39.62 cm (15.6 inch) Display1 Year Onsite Warranty,20% off
168,DELL Inspiron Intel Core i5 11th Gen 11300H - (16 GB/512 GB SSD/Windows 10/2 GB Graphics) Inspiron 551...,"₹62,499","₹81,872",Intel Core i5 Processor (11th Gen)16 GB DDR4 RAM64 bit Windows 10 Operating System512 GB SSD39.62 cm (15.6 inch) DisplayMicrosoft Office Home and Student 20191 Year Onsite Warranty,23% off
169,ASUS Intel Core i5 13th Gen - (16 GB/512 GB SSD/Windows 11 Home) X1605VA-MB541WS Laptop,"₹62,660","₹86,990",Intel Core i5 Processor (13th Gen)16 GB DDR4 RAMWindows 11 Operating System512 GB SSD40.64 cm (16 inch) Display1 Year Manufacturer Warranty,27% off
170,ASUS Intel Core i5 13th Gen - (16 GB/512 GB SSD/Windows 11 Home) X1605VA-MB546WS Laptop,"₹62,690","₹80,990",Intel Core i5 Processor (13th Gen)16 GB DDR4 RAMWindows 11 Home Operating System512 GB SSD40.64 cm (16 inch) Display1 YEAR INTERNATIONAL,22% off
171,Vaio SE Series Intel Core i5 8th Gen 8265U - (8 GB/512 GB SSD/Windows 10 Home) NP14V1IN004P Thin and L...,"₹62,890","₹84,690",Intel Core i5 Processor (8th Gen)8 GB DDR4 RAM64 bit Windows 10 Operating System512 GB SSD35.56 cm (14 inch) DisplayMicrosoft Office 3652 Years Onsite Warranty,25% off
172,HP Victus Intel Core i5 12th Gen 12450H - (8 GB/512 GB SSD/Windows 11 Home/4 GB Graphics/NVIDIA GeForc...,"₹62,990","₹85,100",Intel Core i5 Processor (12th Gen)8 GB DDR4 RAM64 bit Windows 11 Operating System512 GB SSD39.62 cm (15.6 inch) Display1 Year Onsite Warranty,25% off
173,DELL G3 15 3000 Series Intel Core i5 8th Gen 8300H - (8 GB + 16 GB Optane/1 TB HDD/Windows 10 Home/4 G...,"₹62,990","₹85,524",Intel Core i5 Processor (8th Gen)8 GB DDR4 RAM64 bit Windows 10 Operating System1 TB HDD39.62 cm (15.6 inch) DisplayMicrosoft Office Home and Student 20161 Year Onsite Warranty,26% off
174,Lenovo IdeaPad Gaming 3 Intel Core i5 10th Gen 10300H - (8 GB/512 GB SSD/Windows 11 Home/4 GB Graphics...,"₹62,990","₹85,290",Intel Core i5 Processor (10th Gen)8 GB DDR4 RAM64 bit Windows 11 Operating System512 GB SSD39.62 cm (15.6 inch) Display1 Year Onsite�Warranty�+ 1 Year Premium Care + 1 Year Accidental Damage Protection,26% off
175,Acer ALG Intel Core i5 12th Gen 12450H - (16 GB/512 GB SSD/Windows 11 Home/6 GB Graphics/NVIDIA GeForc...,"₹62,990","₹89,990",Intel Core i5 Processor (12th Gen)16 GB DDR4 RAMWindows 11 Operating System512 GB SSD39.62 cm (15.6 Inch) Display1 Year Onsite Warranty,30% off
176,Lenovo IdeaPad Gaming 3 Intel Core i5 11th Gen 11300H - (8 GB/512 GB SSD/Windows 11 Home/4 GB Graphics...,"₹62,990","₹93,690",Intel Core i5 Processor (11th Gen)8 GB DDR4 RAM64 bit Windows 11 Operating System512 GB SSD39.62 cm (15.6 inch) DisplayOffice Home and Student 20211 Year Onsite�Warranty�+ 1 Year Premium Care + 1 Year Accidental Damage Protection,32% off
177,HP Victus Intel Core i5 12th Gen 12450H - (16 GB/512 GB SSD/Windows 11 Home/4 GB Graphics/NVIDIA GeFor...,"₹62,990","₹80,000",Intel Core i5 Processor (12th Gen)16 GB DDR4 RAMWindows 11 Operating System512 GB SSD39.62 cm (15.6 inch) Display1 Year Onsite Warranty,21% off
178,"DELL Inspiron 15 with Backlit Keyboard, Intel Core i5 13th Gen 1335U - (16 GB/1 TB SSD/Windows 11 Home...","₹62,990","₹92,863",Intel Core i5 Processor (13th Gen)16 GB DDR4 RAMWindows 11 Operating System1 TB SSD39.62 cm (15.6 Inch) Display1 Year Onsite Hardware Service,32% off
179,ASUS TUF Gaming F15 (2021) Intel Core i5 11th Gen 11400H - (16 GB/1 TB SSD/Windows 10 Home/4 GB Graphi...,"₹62,990","₹98,990",Intel Core i5 Processor (11th Gen)16 GB DDR4 RAM64 bit Windows 10 Operating System1 TB SSD39.62 cm (15.6 Inch) Display1 Year Onsite Warranty,36% off
180,ASUS Vivobook S 14 Intel EVO H-Series Intel Core i5 12th Gen 12500H - (16 GB/512 GB SSD/Windows 11 Hom...,"₹62,990","₹86,990",Intel Core i5 Processor (12th Gen)16 GB DDR4 RAMWindows 11 Operating System512 GB SSD35.56 cm (14 inch) Display1 Year Onsite Warranty,27% off
181,MSI Prestige 14 Intel EVO Intel Core i5 11th Gen 1135G7 - (16 GB/512 GB SSD/Windows 10 Home) Prestige ...,"₹62,990","₹95,990",Intel Core i5 Processor (11th Gen)16 GB LPDDR4X RAM64 bit Windows 10 Operating System512 GB SSD35.56 cm (14 inch) DisplayPCI-e Gen4 SSD?SHIFT?Matrix Display (Extend)?Cooler Boost 3?Thunderbolt 4?Finger Print Security?True Color 2.0?Hi-Res Audio?Nahimic 3? 4-Sided Thin bezel?MSI Center?Silky Smooth Touchpad?Military-Grade Durability1 Year On-Site Warranty,34% off
182,Lenovo IdeaPad 3 Intel Intel Core i5 12th Gen - (8 GB/512 GB SSD/Windows 11 Home) 15IAU7 Thin and Ligh...,"₹62,990","₹75,000",Intel Core i5 Processor (12th Gen)8 GB DDR4 RAM64 bit Windows 11 Operating System512 GB SSD39.62 cm (15.6 inch) Display1 Year Manufacturer Warranty,16% off
183,HP Intel Core i5 13th Gen 1335U - (16 GB/512 GB SSD/Windows 11 Home) 15-hr0001TU Thin and Light Laptop,"₹62,990","₹84,577",Intel Core i5 Processor (13th Gen)16 GB DDR4 RAMWindows 11 Operating System512 GB SSD39.62 cm (15.6 Inch) Display1 Year Onsite Warranty,25% off
184,Lenovo IdeaPad Slim 5 Intel Core i5 12th Gen - (16 GB/512 GB SSD/Windows 11 Home) 16IAH8 Laptop,"₹62,991","₹89,990",Intel Core i5 Processor (12th Gen)16 GB LPDDR5 RAMWindows 11 Operating System512 GB SSD40.64 cm (16 inch) Display1-year warranty,30% off
185,Lenovo IdeaPad Slim 5i Intel Core i5 11th Gen 1135G7 - (16 GB/512 GB SSD/Windows 11 Home/2 GB Graphics...,"₹62,999","₹1,03,233",Intel Core i5 Processor (11th Gen)16 GB DDR4 RAM64 bit Windows 11 Operating System512 GB SSD39.62 cm (15.6 Inch) DisplayMicrosoft Office Home and Student 20191 Year Warranty + 1 Year Premium Care + 1 Year ADP,38% off
186,DELL Inspiron 5620 Intel Core i5 12th Gen 1235U - (16 GB/512 GB SSD/Windows 11 Home) Inspiron 5620 Lap...,"₹63,490","₹1,07,990","Intel Core i5 Processor (12th Gen)16 GB DDR5 RAM64 bit Windows 11 Operating System512 GB SSD40.64 cm (16 inch) DisplayWindows 11, Microsoft Office1 Year Onsite Warranty",41% off
187,DELL Inspiron Intel Core i5 10th Gen 1035G1 - (8 GB/512 GB SSD/Windows 10 Home/2 GB Graphics) INS 5408...,"₹63,890","₹73,357",Intel Core i5 Processor (10th Gen)8 GB DDR4 RAM64 bit Windows 10 Operating System512 GB SSD35.56 cm (14 inch) DisplayMicrosoft Office Home and Student 20191 Year Onsite Warranty,12% off
188,Lenovo IdeaPad Slim 5 Intel Core i5 13th Gen - (16 GB/512 GB SSD/Windows 11 Home) 82XD003MIN Thin and ...,"₹63,990","₹73,990",Intel Core i5 Processor (13th Gen)16 GB LPDDR5 RAMWindows 11 Operating System512 GB SSD35.56 cm (14 inch) Display1Yr Warranty + 1 Yr Premium Care and 1 Yr Accidental Damage Protection,13% off
189,HP Pavilion Intel Core i5 13th Gen 1340p - (16 GB/512 GB SSD/Windows 11 Home) 15-eg3027TU Thin and Lig...,"₹63,990","₹84,858",Intel Core i5 Processor (13th Gen)16 GB DDR4 RAM64 bit Windows 11 Operating System512 GB SSD39.62 cm (15.6 inch) Display1 Year Onsite Warranty,24% off
190,Lenovo Thinkpad E series Intel Core i5 12th Gen 1235U - (8 GB/512 GB SSD/DOS) TPE14G4 Business Laptop,"₹63,999","₹85,000",Intel Core i5 Processor (12th Gen)8 GB DDR4 RAMDOS Operating System512 GB SSD35.56 cm (14 inch) Display3 Years Domestic Warranty,24% off
191,Lenovo IdeaPad Slim 5 Intel Core i5 12th Gen Integrated Intel Iris Xe Graphics - (16 GB/512 GB SSD/Win...,"₹64,340","₹79,990",Intel Core i5 Processor (12th Gen)16 GB DDR4 RAM64 bit Windows 11 Operating System512 GB SSD39.62 cm (15.6 inch) DisplayMicrosoft Office 20211 Year Warranty,19% off
192,realme Book Prime Intel Core i5 11th Gen 11320H - (16 GB/512 GB SSD/Windows 11 Home) CloudPro002 Thin ...,"₹64,999","₹74,999",Intel Core i5 Processor (11th Gen)16 GB LPDDR4X RAMWindows 11 Operating System512 GB SSD35.56 cm (14 inch) Display1 Year Domestic Warranty,13% off
193,realme Book Prime Intel Core i5 11th Gen 11320H - (16 GB/512 GB SSD/Windows 11 Home) CloudPro002 Thin ...,"₹64,999","₹74,999",Intel Core i5 Processor (11th Gen)16 GB LPDDR4X RAMWindows 11 Operating System512 GB SSD35.56 cm (14 inch) Display1 Year Domestic Warranty,13% off
194,HP Pavilion Intel Core i5 11th Gen 1155G7 - (16 GB/512 GB SSD/Windows 11 Home) 14-dv1001TU Thin and Li...,"₹64,999","₹78,294",Intel Core i5 Processor (11th Gen)16 GB DDR4 RAM64 bit Windows 11 Operating System512 GB SSD35.56 cm (14 inch) DisplayMicrosoft Office Home & Student 20191 Year Onsite Warranty,16% off
195,HP Pavilion Intel Core i5 10th Gen 10300H - (8 GB/1 TB HDD/256 GB SSD/Windows 10 Home/4 GB Graphics/NV...,"₹65,200","₹81,868","Intel Core i5 Processor (10th Gen)8 GB DDR4 RAM64 bit Windows 10 Operating System1 TB HDD|256 GB SSD39.62 cm (15.6 inch) DisplayMicrosoft Office Home & Student 2019, HP Documentation, HP e-service, HP BIOS Recovery, HP SSRM, HP Smart, HP Jumpstart, HP Support Assistant1 Year Onsite Warranty",20% off
196,Lenovo IdeaPad Gaming 3 Intel Core i5 12th Gen 12450H - (16 GB/512 GB SSD/Windows 11 Home/4 GB Graphic...,"₹65,490","₹90,000",Intel Core i5 Processor (12th Gen)16 GB DDR4 RAMWindows 11 Operating System512 GB SSD39.62 cm (15.6 Inch) Display1Year Onsite warranty,27% off
197,HP Pavilion Intel Core i5 11th Gen 1135G7 - (16 GB/512 GB SSD/Windows 10 Home) 14-dv0054TU Thin and Li...,"₹65,499","₹72,536","Intel Core i5 Processor (11th Gen)16 GB DDR4 RAM64 bit Windows 10 Operating System512 GB SSD35.56 cm (14 inch) DisplayMicrosoft Office Home and Student 2019, HP Documentation, HP Smart, HP BIOS Recovery, HP Support Assistant, Dropbox1 Year Onsite Warranty",9% off
198,Avita Liber Intel Core i5 7th Gen 7Y54 - (8 GB/512 GB SSD/Windows 10 Home) NS13A1IN015P Thin and Light...,"₹65,556","₹79,990",Intel Core i5 Processor (7th Gen)8 GB DDR4 RAM64 bit Windows 10 Operating System512 GB SSD33.78 cm (13.3 inch) Display18 Months Warranty + 6 Months Extended Warranty (6 Months Extended Warranty Upon Online Product Registration on www.avita-india.com),18% off
199,ASUS Intel Core i5 12th Gen 12500H - (16 GB/512 GB SSD/Windows 11 Home) K3502ZA-L503WS Thin and Light ...,"₹65,590","₹92,999",Intel Core i5 Processor (12th Gen)16 GB DDR4 RAMWindows 11 Operating System512 GB SSD39.62 cm (15.6 inch) Display1 Year warranty,29% off
200,DELL Intel Core i5 12th Gen 1235U - (8 GB/512 GB SSD/Windows 11 Home) New Inspiron 14 2-in-1 2 in 1 La...,"₹65,947","₹98,252","Processor: Intel i5-1235U (Base- 3.30 GHz & Turbo up to 4.40 GHz) 10 CoresRAM & Storage: 8GB DDR4 & 512GB SSDGraphics & Keyboard: Integrated & Backlit Keyboard + Fingerprint ReaderDisplay: 14.0"" FHD+ WVA Truelife Touch Narrow Border 250 nits, Dell Active PenIntel Core i5 Processor (12th Gen)8 GB DDR4 RAM64 bit Windows 11 Operating System512 GB SSD35.56 cm (14 Inch) Touchscreen Display1 Year Onsite Hardware Service",32% off
201,GIGABYTE G Series Intel Core i5 12th Gen 12450H - (16 GB/512 GB SSD/Windows 11 Home/6 GB Graphics/NVID...,"₹65,990","₹1,36,100",Intel Core i5 Processor (12th Gen)16 GB DDR4 RAMWindows 11 Operating System512 GB SSD39.62 cm (15.6 Inch) Display2 Year Carry-in Warranty,51% off
202,Lenovo IdeaPad Gaming 3 Intel Core i5 11th Gen 11300H - (16 GB/512 GB SSD/Windows 11 Home/4 GB Graphic...,"₹65,990","₹99,290",Intel Core i5 Processor (11th Gen)16 GB DDR4 RAMWindows 11 Operating System512 GB SSD39.62 cm (15.6 Inch) Display1 Year Onsite Warranty + 1 Year Premium Care + 1 Year Accidental Damage Protection,33% off
203,HP 15s Intel Core i5 13th Gen 1335U - (8 GB/1 TB SSD/Windows 11 Home) 15-fd0012TU Thin and Light Lapto...,"₹65,990","₹78,490",Intel Core i5 Processor (13th Gen)8 GB DDR4 RAM64 bit Windows 11 Operating System1 TB SSD39.62 cm (15.6 inch) Display1 Year Onsite Warranty,15% off
204,Lenovo ThinkPad E15 Intel Core i5 11th Gen 1135G7 - (8 GB/512 GB SSD/Windows 10 Home) E15 Thin and Lig...,"₹66,000","₹85,000",Intel Core i5 Processor (11th Gen)8 GB DDR4 RAM64 bit Windows 10 Operating System512 GB SSD39.62 cm (15.6 Inch) DisplayMicrosoft Office Home & Student 20191 Year Onsite Warranty,22% off
205,Lenovo Legion 5 Intel Intel Core i5 10th Gen 10500H - (8 GB/512 GB SSD/Windows 11 Home/4 GB Graphics/N...,"₹66,290","₹1,03,490",Intel Core i5 Processor (10th Gen)8 GB DDR4 RAM64 bit Windows 11 Operating System512 GB SSD39.62 cm (15.6 inch) Display1 Year Onsite�Warranty�+ 1 Year Legion Ultimate Support + 1 Year Accidental Damage Protection,35% off
206,Lenovo Thinkpad E series Intel Core i5 12th Gen 1235U - (8 GB/512 GB SSD/Windows 11 Pro) TPE14G4 Busin...,"₹66,299","₹1,26,000",Intel Core i5 Processor (12th Gen)8 GB DDR4 RAMWindows 11 Operating System512 GB SSD35.56 cm (14 inch) Display3 Years Domestic Warranty,47% off
207,ASUS TUF Gaming F15 Intel Core i5 10th Gen 10300H - (16 GB/512 GB SSD/Windows 10 Home/4 GB Graphics/NV...,"₹66,329","₹89,990",Intel Core i5 Processor (10th Gen)16 GB DDR4 RAM64 bit Windows 10 Operating System512 GB SSD39.62 cm (15.6 inch) Display1 Year Onsite Warranty,26% off
208,Lenovo Lenovo IdeaPad Gaming 3 Intel Intel Core i5 11th Gen 11300H - (8 GB/1 TB HDD/256 GB SSD/Windows...,"₹66,490","₹79,739",Intel Core i5 Processor (11th Gen)8 GB DDR4 RAM64 bit Windows 11 Operating System1 TB HDD|256 GB SSD39.62 cm (15.6 inch) DisplayMicrosoft Office Home & Student 20211 Year Onsite�Warranty�+ 1 Year Premium Care + 1 Year Accidental Damage Protection,16% off
209,HP Pavilion Intel Core i5 12th Gen 1235U - (8 GB/512 GB SSD/Windows 11 Home) 14-ek0086TU Thin and Ligh...,"₹66,500","₹81,444",Intel Core i5 Processor (12th Gen)8 GB DDR4 RAM64 bit Windows 11 Operating System512 GB SSD35.56 cm (14 inch) DisplayMicrosoft Office Home & Student 20211 Year Onsite Warranty,18% off
210,ASUS TUF Gaming F15 Intel Core i5 12th Gen 12500H - (16 GB/512 GB SSD/Windows 11 Home/4 GB Graphics/NV...,"₹66,850","₹87,990",Intel Core i5 Processor (12th Gen)16 GB DDR4 RAMWindows 11 Home Operating System512 GB SSD39.62 cm (15.6 Inch) Display1 Year Onsite Warranty,24% off
211,MSI Cyborg 15 Intel Core i5 12th Gen 12450H - (16 GB/512 GB SSD/Windows 11 Home/6 GB Graphics/NVIDIA G...,"₹66,990","₹94,990",Intel Core i5 Processor (12th Gen)16 GB DDR5 RAMWindows 11 Operating System512 GB SSD39.62 cm (15.6 Inch) Display2 Year Onsite Warranty,29% off
212,ASUS Intel Core i5 13th Gen - (16 GB/512 GB SSD/Windows 11 Home) K3504VA-LK542WS Laptop,"₹66,990","₹92,990",Intel Core i5 Processor (13th Gen)16 GB DDR4 RAMWindows 11 Operating System512 GB SSD39.62 cm (15.6 inch) Display1 Year Manufacturer Warranty,27% off
213,DELL Inspiron 13 7000 Intel Core i5 8th Gen 8250U - (8 GB/256 GB SSD/Windows 10 Home) 7373 2 in 1 Lapt...,"₹66,990","₹86,339","Intel Core i5 Processor (8th Gen)8 GB DDR4 RAM64 bit Windows 10 Operating System256 GB SSD33.78 cm (13.3 inch) Touchscreen DisplayMicrosoft Office Home and Student 20161 Year Premium Support Plus, 24x7 Technical Support and Assistance",22% off
214,HP Pavilion Eyesafe Intel Core i5 12th Gen i5-1240P - (16 GB/512 GB SSD/Windows 11 Home) EG2035TU/ 15-...,"₹66,990","₹84,400",Intel Core i5 Processor (12th Gen)16 GB DDR4 RAM64 bit Windows 11 Operating System512 GB SSD39.62 cm (15.6 Inch) Display1 Year Onsite Warranty,20% off
215,HP Victus 15 Intel Core i5 12th Gen 12450H - (8 GB/512 GB SSD/Windows 11 Home/4 GB Graphics/NVIDIA GeF...,"₹66,990","₹74,829",Intel Core i5 Processor (12th Gen)8 GB DDR4 RAM64 bit Windows 11 Operating System512 GB SSD39.62 cm (15.6 Inch) Display1 Year Onsite Warranty,10% off
