,CName,CPrice,CACPrice,CDesc,COff
0,SONY Alpha 7M4K Mirrorless Camera Body Only,"₹2,20,990","₹2,62,490","| 28-70mm Digital Zoom Lens | 33MP | 4K 60P | Real-Time Eye AF for Humans, Birds, AnimalsEffective Pixels: 33 MPSensor Type: CMOSWiFi Available4K2 Years Warranty",15% off
1,"GoPro Hero 10 Waterproof with Front LCD and Touch Rear Screens, 5.3K60 Ultra HD Video, 1080p Live Stre...","₹24,990","₹54,500","Effective Pixels: 23 MP5.3K, 4K1 year international + 1 year local India warranty. For 1 Year extended warranty please visit brand website",54% off
2,"Canon EOS 3000D DSLR Camera 1 Body, 18 - 55 mm Lens","₹33,990","₹35,995","Self-Timer, Type C and Mini HDMI, 9 Auto Focus Points, 3x Optical Zoom, WiFi, Full HD, Video Recording at 1080 p on 30fps, APS-C CMOS sensor-which is 25 times larger than a typical Smartphone sensor.Effective Pixels: 18 MPSensor Type: CMOSWiFi AvailableFull HD2 Year Warranty (1 year standard warranty + 1 year additional warranty from the date of purchase made by the customer.)",5% off
3,Insta360 Action Camera X3 Sports and Action Camera,"₹34,990","₹51,999",Effective Pixels: 72 MPHDR1 Year Manufacturer Warranty,32% off
4,Canon R100 Mirrorless Camera RF-S 18-45mm f/4.5-6.3 IS STM,"₹44,990","₹64,995","DIGIC 8 Image Processor, 4K 24p Video with Crop, Full HD 60p, Dual Pixel CMOS AF with 143 AF Zones, 6.5 fps Electronic Shutter, 2.36m-Dot OLED EVF, 3"" 1.04m-Dot LCD Screen, Creative Assist Mode, Silent Mode for Quiet Operation, Bluetooth with SD Card SlotEffective Pixels: 24.1 MPSensor Type: CMOSWiFi Available4K2 Years Warranty",30% off
5,SONY Alpha ILCE-6100Y APS-C Mirrorless Camera with Dual Lens 16-50 mm & 55-210 mm Zoom Featuring Eye A...,"₹72,490","₹89,990","High-resolution 4K movie recording, Choose your own shooting style, Self-framing made easy, Flexible low-angle shooting, Convenient Touch Tracking and Touch Focus features, Cleaner images in dimly lit settings, Superior image resolution and natural-looking textures, Uncompromising image quality, Real-time Tracking, Persistent tracking at high speed, NFC & BluetoothEffective Pixels: 24.2 MPSensor Type: CMOSWiFi AvailableUHD 4K2 Year Warranty",19% off
6,Canon EOS 1500D DSLR Camera Body+ 18-55 mm IS II Lens,"₹41,990","₹47,995","Self-Timer, Type C and Mini HDMI, 9 point AF with 1 centre cross-type AF point, Standard ISO 100 - 6400 (expandable to 12 800), Wi-Fi / NFC supported, Full HD video with fully manual control and selectable frame rates, 1080p recording at 30p, optical viewfinderEffective Pixels: 24.1 MPSensor Type: CMOSWiFi Available1080p recording at 30p2 Year Warranty (1 year standard warranty + 1 year additional warranty from the date of purchase made by the customer.)",12% off
7,dji Action 2 Power Combo (128 GB) Sports and Action Camera,"₹13,990","₹25,990",Effective Pixels: 12 MPHDR1 Year Warranty,46% off
8,NIKON Z 50 Mirrorless Camera Body with 16-50mm & 50-250mm Lenses,"₹88,990","₹1,02,995","Edit videos on the fly (Shoot a clip, trim it right in the camera, send it to your phone and post it without missing a beat.), Like two cameras in one.(The Z 50 lets you separately save the most appropriate settings for each shooting mode and then change smoothly between them with the flick of a lever.), Turn an ordinary moment into an epic 120 FPS slow motion 1080p Full HD video, great for bending time, speed ramping, Quick and nimble., Shoot remotely, Eye catching in so many ways., Extra-creative filters & effects., High-end feel, Great content deserves a great-looking live stream.Effective Pixels: 20.9 MPSensor Type: CMOSWiFi AvailableUHD 4K2 Year Warranty",13% off
9,GoPro HERO12 DualLCDScreens 5.3K60 UltraHDVideo HyperSmooth 6.0withAutoBoostWaterproof Sports and Acti...,"₹29,990","₹45,000",Effective Pixels: 27 MP5K2 Years Warranty,33% off
10,Canon EOS 200D II DSLR Camera EF-S18-55mm IS STM,"₹57,990","₹68,995","Vari-angle Touch Screen LCD, Dual pixel CMOS AF, 3 975 selectable focus positions (Live View), EV -4 focusing limit, Eye Detection AF (One Shot & Servo AF ?Live View), OVF: 9 AF Points, Live View: 3 975 selectable focus positions, Live View: One-Shot AF & Servo AF, Touch Screen, Tilt ScreenEffective Pixels: 24.1 MPSensor Type: CMOSWiFi AvailableFull HD2 Year Warranty (1 year standard warranty + 1 year additional warranty from the date of purchase made by the customer.)",15% off
11,SONY Alpha ILCE-6600 APS-C Mirrorless Camera Body Only Featuring Eye AF and 4K movie recording,"₹64,490","₹1,24,990","4K HDR (HLG)2 movie shooting, Ultra-fast AF and continuous shooting, Real-time Tracking and Real-time Eye AF, 5-axis optical image stabilisation, Magnificent images, True-to-life 4K HDR (HLG) movie recording, Powerful, reliable, versatile, Fast continuous shooting with AF/AE at up to 11fps, AI-based subject tracking, Initiate tracking in an instant, Smooth focus transition, Real-time Tracking activation with Touch Tracking, Wi-Fi,NFC & BLUETOOTHEffective Pixels: 24.2 MPSensor Type: CMOSWiFi AvailableUHD 4K2 Year Warranty",48% off
12,FUJIFILM Instax Mini 11 Instant Camera,"₹6,795","₹7,936",Exposure Mode: ManualView Finder: YesSelf Timer: NoBattery IncludedBuilt-in Flash1 Year Warranty,14% off
13,FUJIFILM Instax Treasure Box Mini 11 Instant Camera,"₹6,499","₹8,499",Exposure Mode: AutomaticView Finder: YesSelf Timer: NoBattery IncludedBuilt-in Flash1 Year Warranty,23% off
14,SJCAM SJ4000 WI-FI SJ4000 WIFI Sports and Action Camera,"₹4,890","₹9,800",Effective Pixels: 12 MP1080p12 month Manufacturer Warranty,50% off
15,SONY Alpha 6400L Mirrorless Camera Body With 16-50mm,"₹72,990","₹90,990",| 24.2MP | Real-Time Eye Auto Focus |4K Vlogging Camera | Tiltable LCDEffective Pixels: 24.2 MPSensor Type: CMOSWiFi AvailableNTSC/PAL2 Year Warranty,19% off
16,SONY Alpha ILCE-6600M APS-C Mirrorless Camera with 18-135 mm Zoom Lens Featuring Eye AF and 4K movie r...,"₹99,990","₹1,60,990","4K HDR (HLG)2 movie shooting, Ultra-fast AF and continuous shooting, Real-time Tracking and Real-time Eye AF, 5-axis optical image stabilisation, Magnificent images, True-to-life 4K HDR (HLG) movie recording, Powerful, reliable, versatile, Fast continuous shooting with AF/AE at up to 11fps, AI-based subject tracking, Initiate tracking in an instant, Smooth focus transition, Real-time Tracking activation with Touch Tracking, Wi-Fi,NFC & BLUETOOTHEffective Pixels: 24.2 MPSensor Type: CMOSWiFi AvailableUHD 4K2 Year Warranty",37% off
17,NIKON Z 50 Mirrorless Camera Body with 16-50mm Lens,"₹69,990","₹82,995","Edit videos on the fly (Shoot a clip, trim it right in the camera, send it to your phone and post it without missing a beat.), Like two cameras in one.(The Z 50 lets you separately save the most appropriate settings for each shooting mode and then change smoothly between them with the flick of a lever.), Turn an ordinary moment into an epic 120 FPS slow motion 1080p Full HD video, great for bending time, speed ramping, Quick and nimble., Shoot remotely, Eye catching in so many ways., Extra-creative filters & effects., High-end feel, Great content deserves a great-looking live stream.Effective Pixels: 20.9 MPSensor Type: CMOSWiFi AvailableUHD 4K2 Year Warranty",15% off
18,Canon EOS R10 Mirrorless Camera Body with RF-S 18 - 150 mm f/3.5 - 6.3 IS STM Lens Kit,"₹97,990","₹1,19,995","4K UHD (6K oversampling) and 4K 60p, Up to 23 fps continuous shooting with AF/AE tracking, -4EV low light focusing2, YouTube live streaming, 7.5cm 1.04-million dot Vari-Angle Touchscreen, Dual Pixel CMOS AF II, 4K/30p (High quality video oversampled from 6K), 4K/60p3 (For smoother motion in video), Tilt ScreenEffective Pixels: 24.2 MPSensor Type: CMOSWiFi Available4K2 Years Domestic Warranty",18% off
19,Insta360 X4 Sports and Action Camera,"₹51,990","₹59,990",Effective Pixels: 72 MPHDR1 Year Warranty,13% off
20,Canon EOS R50 Mirrorless Camera Body with RF - S 18 - 45 mm f/4.5 - 6.3 IS STM,"₹64,990","₹75,995","4K 30p (6K oversampled) & FHD 120p, Up to 15 frames per second & EOS iTR AF X, Shoot all angles, Dual Pixel CMOS Auto Focus II coupled, Capture more unmissable moments at 12fps3. Switch up to 15fps when using silent electronic shutter4., UHD 4K 30p video, SLOW MOTION FOR IMPACT, Enhanced streaming and video calls, SEAMLESS CONNECTIVITY, Bluetooth?and Wi-Fi connectivity enable easy remote shooting8.Effective Pixels: 24.2 MPSensor Type: CMOSH.264/H.265/MPEG-4/4K2 Years Warranty",14% off
21,SONY Alpha 6400M Mirrorless Camera Body With 18-135mm,"₹86,990","₹1,16,490","| 24.2MP | Real-Time Eye Auto Focus |4K Vlogging Camera | Tiltable LCDEffective Pixels: 24.2 MPSensor Type: CMOSWiFi Available4K, FULL HD, HD2 Year Warranty",25% off
22,SONY ZV-E10L Mirrorless Camera Body with 1650 mm Power Zoom Lens Vlog,"₹60,633","₹69,990","4K video with oversampling for greater detail, Easy, impressive vlogs, One-touch control of background blurring, Interchangeable-lens camera for vlogging, Flexible connectivity for easy sharing, Designed for easy selfie and vlog shoots, Protection against recording failures, Fast, precise autofocus, Leave it up to the camera to focus on you, Easy background blur control, Natural-looking skin tones, Smooth and stable images even while walking, Easy sped-up and slowed-down motion, Clear recording even outdoors, For even higher audio quality, Optional grip for easy one-handed operation, Add special effects in-camera, Edit movies from your smartphone, Create time-lapse movies, Wi-Fi & BluetoothEffective Pixels: 24.2 MPSensor Type: CMOSWiFi Available4k2 Year Warranty",13% off
23,dji Osmo Action Action 4 Standard Combo Sports and Action Camera,"₹29,990","₹44,990",Effective Pixels: 12 MP4K1 Year Warranty,33% off
24,dji Osmo Action 4 Adventure Combo Sports and Action Camera,"₹38,990","₹54,990",Effective Pixels: 12 MP4K1 Year Warranty,29% off
25,SJCAM SJ 4000 Air 4K Full HD WiFi 30M Waterproof Sports Action Camera DV Camcorder Sports and Action C...,"₹4,799","₹7,800",Effective Pixels: 16 MP1080 FHD1 Year Warranty,38% off
26,Canon EOS R10 Mirrorless Camera Body with RF-S 18 - 45 mm f/4.5 - 6.3 IS STM Lens,"₹79,990","₹92,995","4K UHD (6K oversampling) and 4K 60p, Up to 23 fps continuous shooting with AF/AE tracking, -4EV low light focusing2, YouTube live streaming, 7.5cm 1.04-million dot Vari-Angle Touchscreen, Dual Pixel CMOS AF II, 4K/30p (High quality video oversampled from 6K), 4K/60p3 (For smoother motion in video), Tilt ScreenEffective Pixels: 24.2 MPSensor Type: CMOSWiFi Available4K2 Years Domestic Warranty",13% off
27,FUJIFILM Instax Mini 11 Instant Camera,"₹5,999","₹7,999",Exposure Mode: ManualView Finder: YesSelf Timer: NoBattery IncludedBuilt-in Flash1 Year Warranty,25% off
28,Canon EOS R50 Mirrorless Camera RF - S 18 - 45 mm f/4.5 - 6.3 IS STM and RF - S 55 - 210 mm f/5 - 7.1 ...,"₹82,990","₹97,995","4K 30p (6K oversampled) & FHD 120p, Up to 15 frames per second & EOS iTR AF X, Shoot all angles, Dual Pixel CMOS Auto Focus II coupled, Capture more unmissable moments at 12fps3. Switch up to 15fps when using silent electronic shutter4., UHD 4K 30p video, SLOW MOTION FOR IMPACT, Enhanced streaming and video calls, SEAMLESS CONNECTIVITY, Bluetooth?and Wi-Fi connectivity enable easy remote shooting8.Effective Pixels: 24.2 MPSensor Type: CMOSH.264/H.265/MPEG-4/4K2 Years Warranty",15% off
29,dji Osmo Action 5 Pro Adventure Combo Sports and Action Camera,"₹46,990","₹49,990",Effective Pixels: 40 MPHDR1 Year Warranty,6% off
30,Canon EOS R10 Mirrorless Camera Body with RF-S 18 - 150 mm f/3.5 - 6.3 IS STM Lens Kit,"₹97,990","₹1,19,995","4K UHD (6K oversampling) and 4K 60p, Up to 23 fps continuous shooting with AF/AE tracking, -4EV low light focusing2, YouTube live streaming, 7.5cm 1.04-million dot Vari-Angle Touchscreen, Dual Pixel CMOS AF II, 4K/30p (High quality video oversampled from 6K), 4K/60p3 (For smoother motion in video), Tilt ScreenEffective Pixels: 24.2 MPSensor Type: CMOSWiFi Available4K2 Years Domestic Warranty",18% off
31,Insta360 Ace Pro Sports and Action Camera,"₹34,990","₹49,990",Effective Pixels: 48 MPHDR1 Year Warranty,30% off
32,dji Osmo POCKET 2 COMBO Sports and Action Camera,"₹34,990","₹44,990",Effective Pixels: 16 MP4K1 Year Warranty,22% off
33,"GoPro HERO13 Special Bundle -The Handler , Extra Enduro battery,Mount, 64GB MemoryCard Sports and Acti...","₹42,490","₹49,990",Effective Pixels: 27 MP5.3K (at 30p)2 Years Warranty,15% off
34,SONY Alpha ILCE-7M3 Full Frame Mirrorless Camera Body Only Featuring Eye AF and 4K movie recording,"₹1,22,490","₹1,46,990","4K HDR movie recording capability/4K still image, Gain control of expressive freedom, Take aim with high AF performance, Capture decisive moments, More realistic, expressive movies, Shoot with more assured reliability, Always keep the eye in focus, AF-ON button and multi-selector, Comprehensive AF convenience, Anti-flicker shooting, Supports a wide range of needs in HDR movie production, High-resolution, high-contrast XGA OLED Tru-Finder?Wi-Fi, NFC & Bluetooth, Dual slots with UHS-II compatibilityEffective Pixels: 24.2 MPSensor Type: CMOSWiFi AvailableXAVC S, AVCHD2 Year Warranty",16% off
35,Canon EOS R8 Body Mirrorless Camera Body Only,"₹1,02,990","₹1,42,995",Effective Pixels: 24.2 MPSensor Type: CMOSWiFi Available4K2 Years Warranty,27% off
36,dji OSMO Osmo Pocket 3 Creator Combo Sports and Action Camera,"₹69,990","₹74,990",Effective Pixels: 64 MP4K1 Year Warranty,6% off
37,MAYURI CREATIONS 4K WiFi Dual Camera Drone Drone,"₹1,890","₹6,999",Type: Professional DroneControl Range: 100 ftBattery Type: Lithium BatteryWeight: 339 gno,72% off
38,FUJIFILM Instax Mini 12 Instant Camera,"₹6,999","₹9,499",Exposure Mode: AutomaticView Finder: YesSelf Timer: NoBattery Included1 Year Warranty,26% off
39,SONY ZV-1F Vlog Camera for Content Creators and Vloggers,"₹46,990","₹50,690",Effective Pixels: 20.1 MPOptical Zoom: Blank | Digital Zoom: 4xAuto FocusDisplay Size: 7.5 cm2 Years Limited Warranty Against Manufacturing Defects,7% off
40,FUJIFILM Instax Mini 12 Instant Camera,"₹6,999","₹9,499",Exposure Mode: AutomaticView Finder: YesSelf Timer: NoBattery Included1 Year Warranty,26% off
41,Hardbuzz E88 Pro Drone 4k HD foldable Drone With Camera 4k HD Mini 720p Live Video Drone Drone,"₹2,800","₹4,999",Type: Professional DroneControl Range: 100 ftBattery Type: Lithium BatteryWeight: 0.1 kg1 Month Domestic Warranty,43% off
42,SONY Alpha 7M3K Mirrorless Camera Body with 28-70mm Zoom,"₹1,36,490","₹1,61,490","| 24.2 MP | 4K Full Frame | Real-Time Eye Auto Focus | Tiltable LCD, Low Light CameraEffective Pixels: 24.2 MPSensor Type: CMOSWiFi AvailableXAVC S, AVCHD2 Year Warranty",15% off
43,GoPro Hero12 Black Bundle Pack-Includes 2 Enduro Batteries Sports and Action Camera,"₹35,990","₹53,800",Effective Pixels: 27 MP5K1 Year Warranty,33% off
44,FUJIFILM Instax Mini 9 Instant Camera,"₹4,999","₹5,530",Exposure Mode: AutomaticView Finder: YesSelf Timer: NoBattery IncludedBuilt-in FlashOnly Repair,9% off
45,"Swa Mi Air CRAFT 4K WIFI Dual Caul Double battery Drone Camera for Photo, Video shoot1 Drone","₹3,199","₹8,999",Type: Professional DroneControl Range: 450 ftBattery Type: AA BatteryWeight: 0.38 kgFlipkart,64% off
46,SONY Alpha ILCE-6100L APS-C Mirrorless Camera with 16-50 mm Power Zoom Lens Featuring Eye AF and 4K mo...,"₹59,990","₹75,990","High-resolution 4K movie recording, Choose your own shooting style, Self-framing made easy, Flexible low-angle shooting, Convenient Touch Tracking and Touch Focus features, Cleaner images in dimly lit settings, Superior image resolution and natural-looking textures, Uncompromising image quality, Real-time Tracking, Persistent tracking at high speed, NFC & BluetoothEffective Pixels: 24.2 MPSensor Type: CMOSWiFi AvailableUHD 4K2 Year Warranty",21% off
47,Cubonic GO PRO 4K Full HD WiFi 30M Waterproof Sports Action Camera Waterproof DV Camcorder 16MP Sports...,"₹1,919","₹4,999","Effective Pixels: 16 MPFULL HD 4K, 2.7k (30 fps)Non- Returnable",61% off
48,"GoPro HERO Compact Waterproof with 4K Ultra HD Video, Touch Screen Sports and Action Camera","₹16,990","₹23,990",Effective Pixels: 12 MP4K2 Years Warranty,29% off
49,GoPro Hero12 Black Bundle Pack-Includes 2 Enduro Batteries Sports and Action Camera,"₹35,990","₹53,800",Effective Pixels: 27 MP5K1 Year Warranty,33% off
50,SONY Alpha 7M4K Mirrorless Camera Body Only,"₹2,20,990","₹2,62,490","| 28-70mm Digital Zoom Lens | 33MP | 4K 60P | Real-Time Eye AF for Humans, Birds, AnimalsEffective Pixels: 33 MPSensor Type: CMOSWiFi Available4K2 Years Warranty",15% off
51,Insta360 X3 Creator Kit Sports and Action Camera,"₹46,990","₹65,990",Effective Pixels: 72 MPHDR1 Year Warranty,28% off
52,DIGITEK GoCAM DAC-101 5K 30FPS WiFi Ultra HD with 6-Axis Gyro EIS Stabilization 150° WideAngle Sports ...,"₹7,999","₹14,995",Effective Pixels: 48 MP5K1 year carry in warranty,46% off
53,SONY Alpha 7M3K Mirrorless Camera Body with 28-70mm Zoom,"₹1,36,490","₹1,61,490","| 24.2 MP | 4K Full Frame | Real-Time Eye Auto Focus | Tiltable LCD, Low Light CameraEffective Pixels: 24.2 MPSensor Type: CMOSWiFi AvailableXAVC S, AVCHD2 Year Warranty",15% off
54,SONY Alpha 6100Y Mirrorless Camera Body With 16-50mm & 55-210mm,"₹72,490","₹89,990","| 24.2 MP | Fast Auto Focus, Real-time Eye AF, Real-time Tracking | 4K Vlogging CameraEffective Pixels: 24.2 MPSensor Type: CMOSWiFi AvailableUHD 4K2 Year Warranty",19% off
55,Insta360 One X2 Sports and Action Camera,"₹22,990","₹44,990",Effective Pixels: 05.7K1 Year Warranty,48% off
56,Canon PowerShot V10,"₹27,990","₹39,995",Effective Pixels: 15.2 MPOptical Zoom: 3x | Digital Zoom: 3xAuto FocusDisplay Size: 2 inch2 Years Warranty,30% off
57,Antman E88 Drone With HD 4K Dual Camera Height Hold RC Foldable Quadcopter Drone Toys Drone,"₹2,149","₹19,998",Type: Professional DroneControl Range: 100 ftBattery Type: Lithium BatteryWeight: 0.4 kgNA,89% off
58,SONY ZV-E10M2 Mirrorless Camera Body Only,"₹83,990","₹94,990",Effective Pixels: 26 MPSensor Type: CMOSWiFi Available4K2 Years Warranty,11% off
59,GoPro Hero11 Waterproof Sports and Action Camera,"₹33,490","₹51,500",Effective Pixels: 23 MP5.3K1 year international + 1 year local India warranty. For 1 Year extended warranty please visit brand website,34% off
60,FUJIFILM Instax Mini 12 Instant Camera,"₹6,999","₹9,499",Exposure Mode: AutomaticView Finder: YesSelf Timer: NoBattery Included1 Year Warranty,26% off
61,MAYURI CREATIONS 4K WiFi Dual Camera Drone for Adults & Kids with 2 Batteries and Toy Drone,"₹2,299","₹13,999",Type: Professional DroneControl Range: 40 ftBattery Type: Lithium BatteryWeight: 450 gN/A,83% off
62,IZI ONE+ 5K Ultra HD 48MP Touch & WiFi Sports and Action Camera,"₹8,999","₹16,999",Effective Pixels: 48 MP5K1 Year Warranty,47% off
63,NIKON D7500 DSLR Camera Body with 18-140 mm Lens,"₹78,990","₹94,950","4K UHD, Follow your passion wherever it leads, Flagship Image Quality., AF and Capturing Ability (Superb shooting performance for moving subjects), Cinematic Versatility (Get your creative world in motion with stunning 4K UHD video and advanced filmmaking features), In-camera Time-lapse Movies, Power Aperture Control, Active D-Lighting, Electronic VR, Versatile Sound Controls, Designed for Performance., Touch-operation, Tilting 3.2-in. LCD Monitor, Precision Optical Viewfinder, Comfortable Grip Design, Built-in Bluetooth and Wi-Fi ConnectivityEffective Pixels: 20.9 MPSensor Type: CMOSWiFi Available4K2 Year Warranty",16% off
64,FUJIFILM Instax Mini 11 Moments Box Instant Camera,"₹6,999","₹8,999",Exposure Mode: AutomaticView Finder: NoSelf Timer: YesBattery Included1 Year Warranty,22% off
65,RECTITUDE Best Quality Drone Kids E88 4k HD Drone Camera for Adults and Kids Drone Drone,"₹2,499","₹6,499",Type: Professional DroneControl Range: 100 mPower Consumption: 95 WBattery Type: Lithium BatteryWeight: 300 g7 Days,61% off
66,SONY Alpha ILCE-7C Full Frame Mirrorless Camera Body Featuring Eye AF and 4K movie recording,"₹1,20,990","₹1,42,990","4K recording34 for beautiful movie imagery (Full-pixel readout without pixel binning allows oversampling equivalent to 6K recording, for clean images with less moir?and jaggies.), Movie-making with room for creativity, Designed for optimal usability, Unique full-frame imagery, Enjoy the full-frame advantage, Expand your movie-making options (Achieve truly artistic movie-making with the superb control, image quality and dimensionality of full-frame), Stunning images, even at fast shutter speeds and in dim light, Wi-Fi,NFC & BluetoothEffective Pixels: 24.2 MPSensor Type: CMOSWiFi Available4K2 Year Warranty",15% off
67,SONY ILCE-6700L Mirrorless Camera Body Only with 16-50mm Lens Made for Creators | 26.0 MP | Artificial...,"₹1,30,990","₹1,47,490",Effective Pixels: 27 MPSensor Type: CMOSWiFi Available4K2 Years Warranty,11% off
68,SONY Alpha 6100L Mirrorless Camera Body With 16-50mm,"₹59,990","₹75,990","| 24.2 MP | Fast Auto Focus, Real-time Eye AF, Real-time Tracking | 4K Vlogging CameraEffective Pixels: 24.2 MPSensor Type: CMOSWiFi AvailableUHD 4K2 Year Warranty",21% off
69,Canon RP Mirrorless Camera Body Only,"₹65,990","₹94,995","Dual Sensing IS and Combination IS, Focus Bracketing, Eye Detection AF (One Shot & Servo AF), EV -5 focusing limit, 4 779 selectable focus positions, 0.05s focusing time, Comfort and ease of operability through the Vari-angle touch-screen LCD, layout of the function dials and the ergonomically designed gripEffective Pixels: 26.2 MPSensor Type: CMOSWiFi Available4K2 Year Warranty (1 year standard warranty + 1 year additional warranty from the date of purchase made by the customer.)",30% off
70,FUJIFILM Instax Mini Evo Hybrid Premium Edition Instant Camera,"₹19,999","₹22,990",Exposure Mode: AutomaticView Finder: NoSelf Timer: YesBattery IncludedBuilt-in Flash1 Year Domestic Warranty,13% off
71,"RECTITUDE Best Price E88 Pro Drone Camera for Adults, Folding Drone Wifi Fpv Drone","₹2,547","₹6,999",Type: Professional DroneControl Range: 100 mBattery Type: Lithium BatteryWeight: 100 g7 Days,63% off
72,SONY ILCE-6700L Mirrorless Camera Body Only with 16-50mm Lens Made for Creators | 26.0 MP | Artificial...,"₹1,30,990","₹1,47,490",Effective Pixels: 27 MPSensor Type: CMOSWiFi Available4K2 Years Warranty,11% off
73,FUJIFILM Instax Mini 12 Instant Camera,"₹6,999","₹9,499",Exposure Mode: AutomaticView Finder: YesSelf Timer: NoBattery Included1 Year Warranty,26% off
74,Dronitry E88 DRONE PRO WITH 4K HD CAMERA AND SMART BATTERY DRONE Drone,"₹2,199","₹14,999",Type: Professional DroneControl Range: 102 ftPower Consumption: 120 WBattery Type: AA Rechargeable BatteryWeight: 0.3 kgNO,85% off
75,"FUJIFILM Instax Mini 12 Moments Box (20 Shot, Carry Case & Bunting) Instant Camera","₹7,999","₹11,499",Exposure Mode: AutomaticView Finder: YesSelf Timer: NoBattery Included1 Year Warranty,30% off
76,Canon EOS R10 Mirrorless Camera Body with RF-S 18 - 45 mm f/4.5 - 6.3 IS STM Lens,"₹79,990","₹92,995","4K UHD (6K oversampling) and 4K 60p, Up to 23 fps continuous shooting with AF/AE tracking, -4EV low light focusing2, YouTube live streaming, 7.5cm 1.04-million dot Vari-Angle Touchscreen, Dual Pixel CMOS AF II, 4K/30p (High quality video oversampled from 6K), 4K/60p3 (For smoother motion in video), Tilt ScreenEffective Pixels: 24.2 MPSensor Type: CMOSWiFi Available4K2 Years Domestic Warranty",13% off
77,"RECTITUDE Best Price E88 Pro Drone Camera for Adults, Folding Drone Wifi Fpv Drone","₹2,547","₹6,999",Type: Professional DroneControl Range: 100 mBattery Type: Lithium BatteryWeight: 100 g7 Days,63% off
78,FUJIFILM Instax Mini 12 Instant Camera,"₹6,999","₹9,499",Exposure Mode: AutomaticView Finder: YesSelf Timer: NoBattery Included1 Year Warranty,26% off
79,SONY Alpha 6100Y Mirrorless Camera Body With 16-50mm & 55-210mm,"₹72,490","₹89,990","| 24.2 MP | Fast Auto Focus, Real-time Eye AF, Real-time Tracking | 4K Vlogging CameraEffective Pixels: 24.2 MPSensor Type: CMOSWiFi AvailableUHD 4K2 Year Warranty",19% off
80,RECTITUDE New Good Quality Quadcopter E88 Pro WIFI Drone With Wide Angle HD Camera Drone Drone,"₹2,299","₹6,499",Type: Professional DroneControl Range: 100 mPower Consumption: 95 WBattery Type: Lithium BatteryWeight: 300 g7 Days,64% off
81,MUGO -FPV-Wifi-1080P-4K-HD-Camera-Wide-Angle-Pocket-Quadcopter Drone,"₹3,399","₹16,999",Type: Professional DroneControl Range: 100 mBattery Type: Lithium BatteryWeight: 100 gNA,80% off
82,NIKON Z5 Mirrorless Camera Z 5 Body,"₹81,350","₹1,11,995","4K UHD/30p, Optical VR image stabilisation and electronic Vibration Reduction, Creative Picture Controls, Focus Peaking, Capture stills while recording, Timelapse made easy., Up your live stream., Right.In any light., Fully automatic.Totally manual., The eyes say it all., Focus anywhere., Tweak. Shoot. Create., Multiply your vision., Shift your focus., Easy pairing.Easy sharing., Tilt. Touch. Swipe. PinchEffective Pixels: 24.3 MPSensor Type: CMOSWiFi Available4K UHD2 Year Warranty",27% off
83,Panasonic DMC-G85KGW-K Mirrorless Camera Body with 14 - 42 mm Lens,"₹47,990","₹74,660","16MP Four Thirds MOS sensor w/o optical low pass filter, 5-axis image stabilization with Dual I.S. 2, Splash/dust-proof body with weather-sealed magnesium alloy front plate (Most suitable for handling Indian weather conditions), Depth from Defocus AF, 2.36M-dot OLED EVF, 3-inch 1.04M-dot fully-articulating touchscreen LCD, 4K video / photo, Focus stacking and post focusEffective Pixels: 16 MPSensor Type: MOSWiFi Available1920 x 10802 Years Warranty",35% off
84,Swa Mi E88 Drone Accessories 4K Camera Professional And GPS Long Range Prosumer1 Drone,"₹3,199","₹8,999",Type: Professional DroneControl Range: 100 ftBattery Type: Lithium BatteryWeight: 0.4 kgNA,64% off
85,SROPX MINI Spy HD Wireless Video Audio Full HD 1080P CCTV WiFi Camera with Night Vision Sports and Act...,₹629,"₹2,999",Effective Pixels: 12 MP1920*1080p7 Days Replacement Warranty,79% off
86,"DRONE E88 Pro HD Foldable With Dual Camera Mini 720p Video, Wifi Fpv Drone","₹2,399","₹9,999",Type: Professional DroneControl Range: 100 mBattery Type: Lithium BatteryWeight: 100 g7 Days,76% off
87,MAYURI CREATIONS Foldable Toy Drone with HQ WiFi Camera Remote Control Drone,"₹2,299","₹6,999",Type: Professional DroneControl Range: 85 mBattery Type: AA BatteryWeight: 450 gManufacture Warranty,67% off
88,"GoPro HERO13 Creator Edition -Volta, Media Mod, Light Mod, Enduro Battery, Mount Sports and Action Cam...","₹59,990","₹64,990",Effective Pixels: 27 MP5.3K (at 30p)2 Years Warranty,7% off
89,"CASON CN10 4K 60fps HD Action Camera for Vlogging Waterproof Sports Camera with External Mic, 2 x 1350...","₹7,295","₹12,995","Effective Pixels: 24 MP4K ,2.7K ,1080P ,720P1 Year if manufacturing defect  (whats app customer care on 8850166377 )",43% off
90,dji Osmo Pocket 3 Sports and Action Camera,"₹49,990","₹59,990",Effective Pixels: 64 MP4K1 Year Warranty,16% off
91,SONY Alpha ILCE-7C Full Frame Mirrorless Camera Body Featuring Eye AF and 4K movie recording,"₹1,20,990","₹1,42,990","4K recording34 for beautiful movie imagery (Full-pixel readout without pixel binning allows oversampling equivalent to 6K recording, for clean images with less moir?and jaggies.), Movie-making with room for creativity, Designed for optimal usability, Unique full-frame imagery, Enjoy the full-frame advantage, Expand your movie-making options (Achieve truly artistic movie-making with the superb control, image quality and dimensionality of full-frame), Stunning images, even at fast shutter speeds and in dim light, Wi-Fi,NFC & BluetoothEffective Pixels: 24.2 MPSensor Type: CMOSWiFi Available4K2 Year Warranty",15% off
92,FUJIFILM Instax Mini 12 Instant Camera,"₹6,999","₹9,499",Exposure Mode: AutomaticView Finder: YesSelf Timer: NoBattery Included1 Year Warranty,26% off
93,Swa Mi E-88 Pro Drone1 Drone,"₹3,129","₹8,999",Type: Professional DroneControl Range: 120 ftBattery Type: Lithium BatteryWeight: 180 gThis product is machine based which has no warranty,65% off
94,Dronitry E88 DRONE PRO WITH 4K HD CAMERA AND SMART BATTERY DRONE Drone,"₹2,399","₹14,999",Type: Professional DroneControl Range: 100 ftPower Consumption: 1 WBattery Type: AAA Rechargeable BatteryWeight: 0.1 kgNA,84% off
95,HomeEye A9 Mini Magnetic Camera Home Security Camera Small Wireless Surveillance Camera Sports and Act...,₹949,"₹3,999",Effective Pixels: 2 MPHDNa,76% off
96,SONY Alpha 7M4K Mirrorless Camera Body Only,"₹2,20,990","₹2,62,490","| 28-70mm Digital Zoom Lens | 33MP | 4K 60P | Real-Time Eye AF for Humans, Birds, AnimalsEffective Pixels: 33 MPSensor Type: CMOSWiFi Available4K2 Years Warranty",15% off
97,PICSTAR k11 Drone,"₹7,999","₹17,999",Type: Professional DroneControl Range: 150 mBattery Type: Lithium BatteryWeight: 200 gNA,55% off
98,MAYURI CREATIONS E88 Foldable Quadcopter | WiFi 480P FPV Dual Camera | Position Locking Drone Drone,"₹2,299","₹6,999",Type: Professional DroneControl Range: 80 mPower Consumption: 120 WBattery Type: Lithium BatteryWeight: 0.2 kgNA,67% off
99,PTCMart 998 PRO Foldable Toy Drone with HQ 4K WiFi HD Camera Remote Control for Kids Drone,"₹5,999","₹8,999",Type: Professional DroneControl Range: 100 mBattery Type: Lithium BatteryWeight: 0.4 kgNA,33% off
100,SJCAM SJ6 Legend SJ6 Legend Sports and Action Camera,"₹8,790","₹17,200","Effective Pixels: 16 MP4K/24FPSCall Bigtrends on 8239688888 (10 AM- 7 PM), Mondays through Saturdays) for setup/installation guidance. 1 year warranty against manufacturing defect for this product when bought from Bigtrends.",48% off
101,"RECTITUDE Best Selling E88 Pro Remote Control Drone Dual Camera Drone 720p Video, Wifi Fpv Drone","₹2,499","₹6,499",Type: Professional DroneControl Range: 100 mPower Consumption: 95 WBattery Type: Lithium BatteryWeight: 300 g7 Days,61% off
102,Insta360 X4 Motorcycle Kit Sports and Action Camera,"₹57,990","₹70,990",Effective Pixels: 72 MPHDR1 Year Warranty,18% off
103,Ezerio M3 New 4K PRO Drone with Camera 3-Axis Gimbal Dual Camera 2.4G WIFI FPV VR 3D Drone,"₹8,999","₹12,999",Type: Professional DroneControl Range: 150 mPower Consumption: 5 WBattery Type: AA BatteryWeight: 300 gDomestic,30% off
104,SONY ZV-E10 Mirrorless Camera Body Only Vlog,"₹52,490","₹59,490","4K video with oversampling for greater detail, Easy, impressive vlogs, One-touch control of background blurring, Interchangeable-lens camera for vlogging, Flexible connectivity for easy sharing, Designed for easy selfie and vlog shoots, Protection against recording failures, Fast, precise autofocus, Leave it up to the camera to focus on you, Easy background blur control, Natural-looking skin tones, Smooth and stable images even while walking, Easy sped-up and slowed-down motion, Clear recording even outdoors, For even higher audio quality, Optional grip for easy one-handed operation, Add special effects in-camera, Edit movies from your smartphone, Create time-lapse movies, Wi-Fi & BluetoothEffective Pixels: 24.2 MPSensor Type: CMOSWiFi Available4k2 Year Warranty",11% off
105,"unick drone launch water bomb aircraft camera ,wifi transmission ,air pressure control Drone","₹8,000","₹15,000",Type: Professional DroneControl Range: 50 ftPower Consumption: 1800 WBattery Type: Lithium BatteryWeight: 1 kgn/a,46% off
106,Clubics StealthSky Quad Remote Control Drone with WiFi Cam & 360 Flip Action Drone,"₹2,599","₹9,999",Type: Professional DroneControl Range: 100 mBattery Type: Lithium BatteryWeight: 380 gNA,74% off
107,Magicwand 6 Channel Expert Remote Controlled 6 Axis 2.4 Ghz Quadcopter with Extra Blades Drone,"₹2,999","₹6,999",Type: Professional DroneControl Range: 15 mBattery Type: AA Alkaline BatteryWeight: 300 gNo,57% off
108,DRONEBOX E88 Drone WiFi Camera Drone Remote Control Quadcopter 360 Flip Stunt Drone Drone,"₹4,749","₹9,999",Type: Professional DroneControl Range: 100 ftBattery Type: Lithium BatteryWeight: 0.4 kgNA,52% off
109,EDENGLOW HD Quality E88 Black_EL066 Drone,"₹3,999","₹19,999",Type: Professional DroneControl Range: 100 mBattery Type: Lithium BatteryWeight: 320 gno,80% off
110,Fourbrother Black Quadcopter Drone,"₹2,449","₹19,999",Type: Professional DroneControl Range: 100 mBattery Type: Lithium BatteryWeight: 320 gNA,87% off
111,NIKON Z5 Mirrorless Camera Z 5 Body,"₹81,350","₹1,11,995","4K UHD/30p, Optical VR image stabilisation and electronic Vibration Reduction, Creative Picture Controls, Focus Peaking, Capture stills while recording, Timelapse made easy., Up your live stream., Right.In any light., Fully automatic.Totally manual., The eyes say it all., Focus anywhere., Tweak. Shoot. Create., Multiply your vision., Shift your focus., Easy pairing.Easy sharing., Tilt. Touch. Swipe. PinchEffective Pixels: 24.3 MPSensor Type: CMOSWiFi Available4K UHD2 Year Warranty",27% off
112,dji OSMO Action 3 Standard Combo Sports and Action Camera,"₹22,990","₹34,999",Effective Pixels: 12 MP4K1 Year Manufacturer Warranty,34% off
113,Zilla E88-Deone-Black Drone,"₹2,199","₹19,999",Type: Professional DroneControl Range: 100 mBattery Type: Lithium BatteryWeight: 200 gNA,89% off
114,"Swa Foldable 4K HD Camera FPV- Multifunctional, Easy to Use1 Drone","₹2,985","₹8,999",Type: Professional DroneControl Range: 100 mBattery Type: Lithium BatteryWeight: 450 gN/A,66% off
115,Rivalwilla Drone WiFi Camera Remote Control-Motion Control-Spin Fine Tuning drone Drone Drone,"₹2,625","₹9,999",Type: Professional DroneControl Range: 100 mBattery Type: Lithium BatteryWeight: 0.433 kgNA,73% off
116,SROPX MINI CAMERA Wireless Recording 1080p Hd Mini Nanny Cams with Motion Detection Spy Cameras Sports...,₹629,"₹2,499",Effective Pixels: 12 MP1920*1080p7 Days Replacement Warranty,74% off
117,Swa Mi FOLD MINI DRONE Drone,"₹3,399","₹9,495",Type: Professional DroneControl Range: 70 ftBattery Type: Lithium BatteryWeight: 310 gNo,64% off
118,Swa Mi DM97 Drone,"₹3,299","₹10,799",Type: Professional DroneControl Range: 70 ftBattery Type: Lithium BatteryWeight: 320 gNo,69% off
119,Insta360 X3 Travel Bundle Sports and Action Camera,"₹42,988","₹54,990",Effective Pixels: 72 MP5.7K1 Year Warranty,21% off
120,"IZI IRIS Pocket 4K , Detachable & Lightweight, Dual Display, Touch & WiFi Sports and Action Camera","₹23,499","₹54,990",Effective Pixels: 12 MP4K1 Year Warranty,57% off
121,IZI ONE+ 5K Ultra HD 48MP Touch & WiFi Sports and Action Camera,"₹8,999","₹16,999",Effective Pixels: 48 MP5K1 Year Warranty,47% off
122,FUJIFILM Instax Instax Square SQ1 Instant Camera,"₹9,999","₹10,999",Exposure Mode: AutomaticView Finder: YesSelf Timer: YesBattery Included1 Year Warranty,9% off
123,Insta360 X3 Travel Bundle Sports and Action Camera,"₹42,988","₹54,990",Effective Pixels: 72 MP5.7K1 Year Warranty,21% off
124,"SJCAM SJ6 Legend 4K 24fps 2.0"" LCD Touch Screen Action Camera | Gyro Stabilizer Sensor | External Mic ...","₹9,999","₹17,200","Effective Pixels: 16 MP4K/24FPSCall Bigtrends on 8239688888 (10 AM- 7 PM), Mondays through Saturdays) for setup/installation guidance. 1 year warranty against manufacturing defect for this product when bought from Bigtrends.",41% off
125,Clubics ZenithZoom 360 Advanced WiFi Camera Drone with Precision Control Drone,"₹2,599","₹9,999",Type: Professional DroneControl Range: 100 mBattery Type: Lithium BatteryWeight: 380 gNA,74% off
126,SONY Alpha 7M4K Mirrorless Camera Body Only,"₹2,20,990","₹2,62,490","| 28-70mm Digital Zoom Lens | 33MP | 4K 60P | Real-Time Eye AF for Humans, Birds, AnimalsEffective Pixels: 33 MPSensor Type: CMOSWiFi Available4K2 Years Warranty",15% off
127,SONY Alpha 6400L Mirrorless Camera Body With 16-50mm,"₹72,990","₹90,990",| 24.2MP | Real-Time Eye Auto Focus |4K Vlogging Camera | Tiltable LCDEffective Pixels: 24.2 MPSensor Type: CMOSWiFi AvailableNTSC/PAL2 Year Warranty,19% off
128,janiya fashion DRONE E88 PRO MAX Drone,"₹2,659","₹4,999",Type: Professional DroneControl Range: 100 mBattery Type: Lithium BatteryWeight: 0.433 kgNA,46% off
129,FUJIFILM Instax Treasure Box Mini 9 Instant Camera,"₹5,499","₹7,499",Exposure Mode: AutomaticView Finder: YesSelf Timer: NoBattery IncludedBuilt-in Flash1 Year from Date of Purchase,26% off
130,SONY Alpha ZV-E10L Mirrorless Camera Body With 16-50mm,"₹59,990","₹69,990",| 24.2 MP vlog Camera | Made for Creators | Advanced Autofocus | Clear Audio & 4K Movie RecordingEffective Pixels: 24.2 MPSensor Type: CMOSWiFi Available4k2 Year Warranty,14% off
131,KYKHT 2024 4K S2 Series WIFI Sports and Action Camera,"₹1,549","₹4,999",Effective Pixels: 16 MP4K0,69% off
132,Swa Mi E88 Drone GPS Folding Brushless Drone 25mins 2KM 6K Ultra HD Drone_5 Drone,"₹2,799","₹8,999",Type: Professional DroneControl Range: 60 ftBattery Type: Lithium BatteryWeight: 0.25 kgNO,68% off
133,TECHBIZZ 4K WiFi E-88 Dual Battery Camera Drone Drone,"₹2,249","₹12,999",Type: Professional DroneControl Range: 40 ftBattery Type: Lithium BatteryWeight: 400 gNA,82% off
134,EDENGLOW BLACK E88 Drone,"₹3,999","₹19,999",Type: Professional DroneControl Range: 100 mBattery Type: Lithium BatteryWeight: 320 gNO,80% off
135,Cospex Mini Car DVR 3 Inch Full HD 1080P Dual Camera Lens 170 Degree Angle Video Recorder Camcorder Da...,"₹1,599","₹7,999",Effective Pixels: 2 MPHD1 Year Warranty,80% off
136,PTCMart E88 Pro Drone 4k HD foldable With Camera HD Mini 720p Live Video Drone Drone,"₹3,299","₹7,999",Type: Professional DroneControl Range: 100 mBattery Type: Lithium BatteryWeight: 0.4 kgNA,58% off
137,Canon EOS R6 Mark II Mirrorless Camera Body Only,"₹1,87,890","₹2,43,995","6K RAW HDMI out, 4K 60p (6K Oversampling) & FHD 180p, Up to 40 frames per second (fps) & up to 8 stops image stabilisation, MASTERY OF STILLS & MOTION, Filmmaking without compromise, Capture the beauty of movement ?hand-held, Beyond 30-minute clip limit10Effective Pixels: 24.2 MPSensor Type: CMOSWiFi Available4K2 Years Warranty",22% off
138,"Elevea 4K Ultra HD, 16MP 4K WiFi 16MP Sports Action Camera 30M Underwater Waterproof(12 years warranty...","₹1,899","₹9,000",Effective Pixels: 16 MP4KNA,78% off
139,HomeEye A6 Magnet camera 1080P Mini WIFI camera Video Camera IP Wireless Security Camera Sports and Ac...,₹799,"₹3,299",Effective Pixels: 2 MPHDNa,75% off
140,Suroskie Action camera 4K Ultra HD 16 MP WiFi Waterproof  Sports and Action Camera,"₹1,659","₹3,800",Effective Pixels: 16 MP4kNA,56% off
141,LYNE GoPro Action camera GoPro Action Camera 4k20MP Wifi 30M Waterproof Action Camera Sports DV Camcor...,"₹1,899","₹2,499",Effective Pixels: 16 MPFULL HD 4KNo,24% off
142,Fourbrother E88 BLACK Drone,"₹2,199","₹19,999",Type: Professional DroneControl Range: 100 mBattery Type: Lithium BatteryWeight: 320 gNA,89% off
143,Clubics SkySweep Pro Ultimate with WiFi Camera 360 Flip and Remote Control Drone,"₹2,599","₹9,999",Type: Professional DroneControl Range: 100 mBattery Type: Lithium BatteryWeight: 380 gNA,74% off
144,urbansstore Foldable Remote Control Drone/Gesture Selfie/ Drone,"₹2,599","₹5,999",Type: Professional DroneControl Range: 60 mPower Consumption: 0 WBattery Type: AA BatteryWeight: 460 kgNA,56% off
145,STREAM PLUS 4K WiFi Dual Camera Drone for Adults & Kids with 2 Batteries Drone,"₹17,148","₹19,999",Type: Professional DroneControl Range: 100 mBattery Type: Lithium BatteryWeight: 400 gN/A,14% off
146,Canon EOS R10 Mirrorless Camera Body with RF-S 18 - 45 mm f/4.5 - 6.3 IS STM Lens,"₹79,990","₹92,995","4K UHD (6K oversampling) and 4K 60p, Up to 23 fps continuous shooting with AF/AE tracking, -4EV low light focusing2, YouTube live streaming, 7.5cm 1.04-million dot Vari-Angle Touchscreen, Dual Pixel CMOS AF II, 4K/30p (High quality video oversampled from 6K), 4K/60p3 (For smoother motion in video), Tilt ScreenEffective Pixels: 24.2 MPSensor Type: CMOSWiFi Available4K2 Years Domestic Warranty",13% off
147,Wastclo 4K WIFI Dual Cual Camera Drone For Adults & Kids With 2 Batteries and Toy Drone Drone,"₹2,799","₹19,996",Type: Professional DroneControl Range: 100 mBattery Type: Lithium BatteryWeight: 320 gNA,86% off
148,Swa Mi AD172 Drone,"₹2,999","₹9,950",Type: Professional DroneControl Range: 80 ftBattery Type: Lithium BatteryWeight: 300 gNo,69% off
149,Lipzie 1 Digital Camera for Kids with Recorder and Video- Real HD Portable Camera,₹999,"₹3,999",Effective Pixels: 5 MPOptical Zoom: 5 | Digital Zoom: 5Display Size: 5 cmNA,75% off
150,SONY Alpha ILCE-7CL Full Frame Mirrorless Camera with 28-60 mm Zoom LensFeaturing Eye AF and 4K movie ...,"₹1,41,990","₹1,72,590","4K recording34 for beautiful movie imagery (Full-pixel readout without pixel binning allows oversampling equivalent to 6K recording, for clean images with less moir?and jaggies.), Movie-making with room for creativity, Designed for optimal usability, Unique full-frame imagery, Enjoy the full-frame advantage, Expand your movie-making options (Achieve truly artistic movie-making with the superb control, image quality and dimensionality of full-frame), Stunning images, even at fast shutter speeds and in dim light, Wi-Fi,NFC & BluetoothEffective Pixels: 24.2 MPSensor Type: CMOSWiFi Available4K2 Year Warranty",17% off
151,Toyrist RITU ENTERPRISES E88 4K HD CAMERA 1080p 360 Degree Flip Functionality Drone,"₹2,699","₹5,999",Type: Professional DroneControl Range: 50 mBattery Type: AAA Rechargeable BatteryWeight: 0.2 kgNO WARRANTY,55% off
152,"CASON CS6 Real 4K Dual Screen for Vlogging With EIS+Gyro, Touch Screen with External Mic, Sports and A...","₹9,989","₹13,995","Effective Pixels: 24 MP5K,4K ,2.7K ,1080P ,720P1 Year if manufacturing defect  (whats app only customer care on 8850166377",28% off
153,Swa Mi E88 Pro 4K Dual Camera Height Hold Wifi FPV RC Foldable Toys_32 Drone,"₹2,799","₹8,999",Type: Professional DroneControl Range: 60 ftBattery Type: Lithium BatteryWeight: 0.25 kgNO,68% off
154,THE TAJKLA Foldable Remote Control Drone/Gesture Selfie/ Drone,"₹2,471","₹2,999",Type: Professional DroneControl Range: 60 ftPower Consumption: 1080 WBattery Type: AA BatteryWeight: 460 kgNA,17% off
155,Drone A E88 PRO 4K WiFi Dual Camera for Adults & Kids and Toy (Black) Drone,"₹2,399","₹9,999",Type: Professional DroneControl Range: 100 ftBattery Type: Lithium BatteryWeight: 0.4 kgNA,76% off
156,Insta360 X4 Motorcycle Kit Sports and Action Camera,"₹57,990","₹70,990",Effective Pixels: 72 MPHDR1 Year Warranty,18% off
157,hph craft HD Quality E88 Black_PH457 Drone,"₹3,999","₹19,999",Type: Professional DroneControl Range: 100 mBattery Type: Lithium BatteryWeight: 320 gno,80% off
158,hph craft HD Quality E88 Black_PH517 Drone,"₹3,999","₹19,999",Type: Professional DroneControl Range: 100 mBattery Type: Lithium BatteryWeight: 320 gno,80% off
159,Fitty kids Digital Camera HD 1080P Video Camera Photography Birthday gift lover gift smart Sports and ...,₹699,₹999,Effective Pixels: 1080 MPHDNa,30% off
160,Swa Mi E88 Pro Racing Drone 4k Camera And Gps Long Range Mini_27 Drone,"₹3,199","₹8,999",Type: Professional DroneControl Range: 60 ftBattery Type: Lithium BatteryWeight: 0.25 kgNO,64% off
161,Jiaanaa JA-E88 Pro 4k HD foldable Drone With Camera HD Mini Drone,"₹2,149","₹4,999",Type: Professional DroneControl Range: 100 ftPower Consumption: 5 WBattery Type: Lithium BatteryWeight: 400 gNa,57% off
162,Insta360 X3 Travel Bundle Sports and Action Camera,"₹42,988","₹54,990",Effective Pixels: 72 MP5.7K1 Year Warranty,21% off
163,"RECTITUDE E88 Pro Foldable Remote Control Drone Dual Camera Drone 720p Video, Wifi Fpv Drone","₹2,299","₹6,699",Type: Professional DroneControl Range: 100 mPower Consumption: 95 WBattery Type: Lithium BatteryWeight: 300 g7 Days,65% off
164,Fitty f365 Kids Selfie Camera Christmas Birthday Gift For Kids Sports and Action Camera,₹699,₹999,Effective Pixels: 13 MPHDNa,30% off
165,DRONEX WiFi FPV Drone with 4k HD Camera Wide-Angle Remote Control Foldable Drone Drone,"₹3,333","₹9,999",Type: Professional DroneControl Range: 50 ftBattery Type: Lithium BatteryWeight: 0.4 kg7 Days Replacement,66% off
166,Swa Mi DC9_prodrone24 Drone,"₹2,799","₹8,999",Type: Professional DroneControl Range: 60 ftBattery Type: Lithium BatteryWeight: 0.25 kgNO,68% off
167,"RECTITUDE E88 Pro Drone Camera for Adults, Folding Drone Wifi Fpv Drone","₹2,499","₹6,499",Type: Professional DroneControl Range: 100 mPower Consumption: 95 WBattery Type: Lithium BatteryWeight: 300 g7 Days,61% off
168,Swa Mi E88 Pro 4K Dual Camera Height Hold Wifi FPV RC Foldable Toys_32 Drone,"₹2,799","₹8,999",Type: Professional DroneControl Range: 60 ftBattery Type: Lithium BatteryWeight: 0.25 kgNO,68% off
169,SONY Alpha ILCE-7RM3A Full Frame Mirrorless Camera Body Featuring Eye AF and 4K movie recording,"₹1,68,990","₹2,04,990","High-resolution 4K HDR, Inspiring maximum creativity, A portal to unseen worlds, Depicting scenes in intimate detail, 3.69-million-dot Quad-VGA OLED Tru-Finder (This high-resolution twice-as-bright electronic viewfinder reproduces fine detail. ""Hi"" quality mode provides extra-fine views of natural realism on brilliant display.), Seize moments with quick precision, Shoot continuously in absolute silence, Dramatically evolved AF performance, Reliable AF down to EV-3 brightness, Eye AF with doubled performance, Enhanced image stabilisation: freer shooting, High connectivity for professional workflow, Different dimension of resolution, Pixel Shift Multi ShootingEffective Pixels: 42.4 MPSensor Type: CMOSWiFi AvailableXAVC S, AVCHD2 Years Warranty",17% off
170,"IZI IRIS Pocket 4K , Detachable & Lightweight, Dual Display, Touch & WiFi Sports and Action Camera","₹23,499","₹54,990",Effective Pixels: 12 MP4K1 Year Warranty,57% off
171,IZI ONE+ 5K Ultra HD 48MP Touch & WiFi Sports and Action Camera,"₹8,999","₹16,999",Effective Pixels: 48 MP5K1 Year Warranty,47% off
172,Fitty f365 Kids Selfie Camera Christmas Birthday Gift For Kids Sports and Action Camera,₹699,₹999,Effective Pixels: 13 MPHDNa,30% off
173,Jiaanaa JA-E88 Pro 4k HD foldable Drone With Camera HD Mini Drone,"₹2,149","₹4,999",Type: Professional DroneControl Range: 100 ftPower Consumption: 5 WBattery Type: Lithium BatteryWeight: 400 gNa,57% off
174,Swa Mi DC9_prodrone24 Drone,"₹2,799","₹8,999",Type: Professional DroneControl Range: 60 ftBattery Type: Lithium BatteryWeight: 0.25 kgNO,68% off
175,"RECTITUDE E88 Pro Foldable Remote Control Drone Dual Camera Drone 720p Video, Wifi Fpv Drone","₹2,299","₹6,699",Type: Professional DroneControl Range: 100 mPower Consumption: 95 WBattery Type: Lithium BatteryWeight: 300 g7 Days,65% off
176,SONY Alpha 7M4K Mirrorless Camera Body Only,"₹2,20,990","₹2,62,490","| 28-70mm Digital Zoom Lens | 33MP | 4K 60P | Real-Time Eye AF for Humans, Birds, AnimalsEffective Pixels: 33 MPSensor Type: CMOSWiFi Available4K2 Years Warranty",15% off
177,SONY Alpha 6400L Mirrorless Camera Body With 16-50mm,"₹72,990","₹90,990",| 24.2MP | Real-Time Eye Auto Focus |4K Vlogging Camera | Tiltable LCDEffective Pixels: 24.2 MPSensor Type: CMOSWiFi AvailableNTSC/PAL2 Year Warranty,19% off
178,Wincomm GO PRO HD 720P Mini Sport Action Camera Ultra 30M Underwater Waterproof Without Wifi Sports an...,"₹1,329","₹3,999","Effective Pixels: 12 MP1080P, 720PN/A",66% off
179,"RECTITUDE E88 Pro Drone Camera for Adults, Folding Drone Wifi Fpv Drone","₹2,499","₹6,499",Type: Professional DroneControl Range: 100 mPower Consumption: 95 WBattery Type: Lithium BatteryWeight: 300 g7 Days,61% off
180,SONY Alpha ZV-E10L Mirrorless Camera Body With 16-50mm,"₹59,990","₹69,990",| 24.2 MP vlog Camera | Made for Creators | Advanced Autofocus | Clear Audio & 4K Movie RecordingEffective Pixels: 24.2 MPSensor Type: CMOSWiFi Available4k2 Year Warranty,14% off
181,Swa Mi White Garuda Drone 1080 White Wifi Hd 1080P + 720 P Fpv Dual Camera1 Drone,"₹2,799","₹8,999",Type: Professional DroneControl Range: 720 ftBattery Type: AA Rechargeable BatteryWeight: 0.2 kgNA,68% off
182,Toyrist E88 Drone Drone,"₹3,199","₹5,999",Type: Professional DroneControl Range: 50 ftBattery Type: AA BatteryWeight: 400 gDRONE Not Covered in Warranty,46% off
183,Swa Mi K3&E99 HD Camera Drone for Live Video RC Quadcopter Drone1 Drone,"₹2,799","₹8,999",Type: Professional DroneControl Range: 100 mBattery Type: Lithium BatteryWeight: 0.4 kgNA,68% off
184,Clubics CloudCruiser WiFi Equipped Drone for Aerial Stunts and Remote Control Drone,"₹2,599","₹9,999",Type: Professional DroneControl Range: 100 mBattery Type: Lithium BatteryWeight: 380 gNA,74% off
185,RECTITUDE Buy E88 Foldable Quadcopter | WiFi 480P FPV Dual Camera | Position Locking Drone Drone,"₹2,348","₹6,999",Type: Professional DroneControl Range: 100 mPower Consumption: 95 WBattery Type: Lithium BatteryWeight: 300 g7 Days,66% off
186,Swa Mi High-Defintion-Camera-Drone-with-1080P-HD-FPV-Camera1 Drone,"₹3,131","₹8,999",Type: Professional DroneControl Range: 1200 ftBattery Type: AAA Rechargeable BatteryWeight: 0.2 kgNA,65% off
187,Dronitry 4K WiFi Dual Camera Drone for Adults & Kids with 2 Batteries and Toy Drone Drone,"₹2,999","₹11,999",Type: Professional DroneControl Range: 100 ftBattery Type: Lithium BatteryWeight: 250 gNA,75% off
188,Swa Mi JANGLEMAT_DRONE14 Drone,"₹2,799","₹8,999",Type: Professional DroneControl Range: 60 ftBattery Type: Lithium BatteryWeight: 0.25 kgNO,68% off
189,SONY ILME-FX30B Mirrorless Camera Body Only Super35|Compact Camera for Filmmaking|4K120P|S-Cinetone|Du...,"₹1,57,990","₹1,79,990",Effective Pixels: 20.1 MPSensor Type: CMOSWiFi Available4K1 Year Domestic Warranty,12% off
190,Swa Mi E88 DRONE1 Drone,"₹2,799","₹8,999",Type: Professional DroneControl Range: 100 mBattery Type: Lithium BatteryWeight: 320 gNA,68% off
191,Dhavit SQ8 Night Vision DVR Sports and Action Camera Sports and Action Camera Spy Camera Sports and Ac...,"₹1,035","₹3,999","Effective Pixels: 12 MP1080P, 720P7 Days Replacement Warranty",74% off
192,Samar Collection E88 PRO Drone,"₹1,999","₹4,000",Type: Professional DroneControl Range: 100 ftBattery Type: AAA Rechargeable BatteryWeight: 0.25 kgNO,50% off
193,proultim8 P8102 camera P8102 camera Instant Camera,₹439,"₹1,599",Exposure Mode: AutomaticView Finder: YesSelf Timer: YesBuilt-in FlashN/A,72% off
194,"First Dot 2 Action Camera for Vlogging, Mountain Biking,Travelling Without Wifi Sports and Action Came...","₹1,199","₹2,999",Effective Pixels: 12 MP720p7 Days Replacement,60% off
195,Squadron E88 BLACK DRONE Drone,"₹3,262","₹17,010",Type: Professional DroneControl Range: 80 mPower Consumption: 120 WBattery Type: Lithium BatteryWeight: 0.2 kgNA,80% off
196,"IZI IRIS Pocket 4K , Detachable & Lightweight, Dual Display, Touch & WiFi Sports and Action Camera","₹23,499","₹54,990",Effective Pixels: 12 MP4K1 Year Warranty,57% off
197,IZI ONE+ 5K Ultra HD 48MP Touch & WiFi Sports and Action Camera,"₹8,999","₹16,999",Effective Pixels: 48 MP5K1 Year Warranty,47% off
198,Swa Mi Foldable Remote Control Drone with Camera HD Wide Angle Lens_25 Drone,"₹2,799","₹8,999",Type: Professional DroneControl Range: 60 ftBattery Type: Lithium BatteryWeight: 0.25 kgNO,68% off
199,Swa Mi D97_proplus4k 11 Drone,"₹2,799","₹8,999",Type: Professional DroneControl Range: 60 ftBattery Type: Lithium BatteryWeight: 0.25 kgNO,68% off
200,SONY Alpha 7M4K Mirrorless Camera Body Only,"₹2,20,990","₹2,62,490","| 28-70mm Digital Zoom Lens | 33MP | 4K 60P | Real-Time Eye AF for Humans, Birds, AnimalsEffective Pixels: 33 MPSensor Type: CMOSWiFi Available4K2 Years Warranty",15% off
201,SONY Alpha 6400L Mirrorless Camera Body With 16-50mm,"₹72,990","₹90,990",| 24.2MP | Real-Time Eye Auto Focus |4K Vlogging Camera | Tiltable LCDEffective Pixels: 24.2 MPSensor Type: CMOSWiFi AvailableNTSC/PAL2 Year Warranty,19% off
202,Supreno 4k action camera 4k action camera Sports and Action Camera,"₹1,949","₹2,499",Effective Pixels: 1080 MPHD7 days warranty,22% off
203,MUGO E88 Pro 4k HD foldable With Camera Mini 720p Live Video Drone,"₹1,899","₹3,999",Type: Professional DroneControl Range: 100 mBattery Type: Lithium BatteryWeight: 100 gNA,52% off
204,RECTITUDE E88 Foldable Quadcopter | WiFi 480P FPV Dual Camera | Position Locking Drone Drone,"₹2,499","₹6,999",Type: Professional DroneControl Range: 100 mPower Consumption: 95 WBattery Type: Lithium BatteryWeight: 300 g7 Days,64% off
205,Swa Mi Foldable Remote Control Drone with Camera HD Wide Angle Lens_15 Drone,"₹2,799","₹8,999",Type: Professional DroneControl Range: 60 ftBattery Type: Lithium BatteryWeight: 0.25 kgNO,68% off
206,SONY Alpha ZV-E10L Mirrorless Camera Body With 16-50mm,"₹59,990","₹69,990",| 24.2 MP vlog Camera | Made for Creators | Advanced Autofocus | Clear Audio & 4K Movie RecordingEffective Pixels: 24.2 MPSensor Type: CMOSWiFi Available4k2 Year Warranty,14% off
207,Insta360 GO 3S (64GB) Black Sports and Action Camera,"₹36,990","₹49,990",Effective Pixels: 9 MPMP41 Year Warranty,26% off
208,Swa Mi DM97_DRONE28 Drone,"₹2,799","₹8,999",Type: Professional DroneControl Range: 60 ftBattery Type: Lithium BatteryWeight: 0.25 kgNO,68% off
209,SrO 6 Spy Magnet Camera WiFi Hidden Camera Wireless HD 1080P Indoor Home Small Spy Camera Security Cam...,₹759,"₹2,199",Effective Pixels: 1080 MPFULL HDNA,65% off
210,Swa Mi Drone 4k HD foldable With Camera HD 720p Live Video_a28 Drone,"₹2,799","₹8,999",Type: Professional DroneControl Range: 60 ftBattery Type: Lithium BatteryWeight: 0.25 kgNO,68% off
211,RHONNIUM 4K Ultra HD-Type-037 ® 4K Action Sports Camera with 2-inch LCD Sports and Action Camera,"₹1,268","₹4,000",Effective Pixels: 16 MP4K ULTRA HDRhonnium® 1 year Replacement Warrenty,68% off
212,hph craft HD Quality E88 Black_PH556 Drone,"₹3,999","₹19,999",Type: Professional DroneControl Range: 100 mBattery Type: Lithium BatteryWeight: 320 gno,80% off
213,Swa Mi E88 Pro Drone 4k HD foldable Drone With Dual Camera1 Drone,"₹3,049","₹8,999",Type: Professional DroneControl Range: 30 mBattery Type: Lithium BatteryWeight: 230 gNo warranty,66% off
214,SONY ILCE-6700M Mirrorless Camera Body Only with 18-135mm Lens Made for Creators | 26.0 MP | Artificia...,"₹1,53,990","₹1,72,990",Effective Pixels: 27 MPSensor Type: CMOSWiFi Available4K2 Years Warranty,10% off
215,DRONE E-88 WIFI FPV With Wide Angle HD 4K 1080P Camera Height Hold RC Foldable Drone,"₹3,399","₹10,999",Type: Professional DroneControl Range: 100 ftBattery Type: Lithium BatteryWeight: 0.4 kgNA,69% off
216,Canon EOS R10 Mirrorless Camera Body with RF-S 18 - 45 mm f/4.5 - 6.3 IS STM Lens,"₹79,990","₹92,995","4K UHD (6K oversampling) and 4K 60p, Up to 23 fps continuous shooting with AF/AE tracking, -4EV low light focusing2, YouTube live streaming, 7.5cm 1.04-million dot Vari-Angle Touchscreen, Dual Pixel CMOS AF II, 4K/30p (High quality video oversampled from 6K), 4K/60p3 (For smoother motion in video), Tilt ScreenEffective Pixels: 24.2 MPSensor Type: CMOSWiFi Available4K2 Years Domestic Warranty",13% off
217,spectre E88 Drone WiFi Camera Drone Remote Control Quadcopter 360 Flip Stunt Drone,"₹2,876","₹19,999",Type: Professional DroneControl Range: 100 mPower Consumption: 120 WBattery Type: Lithium BatteryWeight: 0.2 kgNA,85% off
218,Clubics HorizonFlyer Ultimate WiFi Camera Quadcopter with 360 Flip Stunts Drone,"₹2,599","₹9,999",Type: Professional DroneControl Range: 100 mBattery Type: Lithium BatteryWeight: 380 gNA,74% off
219,hph craft HD Quality E88 Black_PH375 Drone,"₹3,999","₹19,999",Type: Professional DroneControl Range: 100 mBattery Type: Lithium BatteryWeight: 320 gno,80% off
220,MUGO Blue Quadcopter Drone 1+1 Battery Combo + 4 Extra Propellor Drone,"₹2,099","₹3,999",Type: Professional DroneControl Range: 100 mBattery Type: Lithium BatteryWeight: 100 gNA,47% off
221,Cubonic 4K HDWaterproof Action Camera- Bright LCD- Perfect for Sports and Adventure! 4k Sports & Actio...,"₹1,999","₹2,999",Effective Pixels: 16 MPOptical Zoom: 2x | Digital Zoom: 1xSensor Type: CMOS | LCD Size: 2 inchMax Shutter Speed: 5Non- Returnable,33% off
222,FUJIFILM Instax Mini 11 Instant Camera,"₹6,795","₹7,939",Exposure Mode: ManualView Finder: YesSelf Timer: NoBattery IncludedBuilt-in Flash1 Year Warranty,14% off
223,RIGHT SEARCH E88 Drone WiFi Camera Drone Remote Control Quadcopter 360 Flip Stunt Drone,"₹3,599","₹4,999",Type: Professional DroneControl Range: 100 mBattery Type: Lithium BatteryWeight: 250 gNA,28% off
224,ALA GO PRO Portable Waterproof Ultra HD Sports Action Camera with Image Sensor & Wide Angle Lens for S...,"₹1,199","₹1,622","Effective Pixels: 12 MP1080P, 720PN/A",26% off
225,"MUGO E88 Pro Drone HD Foldable Drone With Dual Camera Mini Drone 720p Video, Wifi Fpv Drone","₹1,899","₹3,999",Type: Professional DroneControl Range: 100 mBattery Type: Lithium BatteryWeight: 100 gNA,52% off
226,IMMUTABLE ENDOSCOPE Android PC Security ( Channel) BVC21 SLR Variant refers to the different DSLR Came...,₹474,₹899,"Effective Pixels: 14 MPOptical Zoom: Optical Zoom refersSensor Type: CCD | LCD Size: 2.7 inchMax Shutter Speed: Maximum Shutter Speed refers to the maximum amount of time for which shutter of a camera can remain open in one click. Please ensure that the values entered are in Seconds. Possible values are 1/2000, 1/1600, etc.This refers to a brief description",47% off
227,Swa Mi Drone WiFi Camera Remote Control Quadcopter 360' Flip Stunt Dronee_11 Drone,"₹2,799","₹8,999",Type: Professional DroneControl Range: 60 ftBattery Type: Lithium BatteryWeight: 0.25 kgNO,68% off
228,MAYURI CREATIONS Black Quadcopter Drone,"₹2,299","₹6,999",Type: Professional DroneControl Range: 10 mBattery Type: Lithium BatteryWeight: 150 gNA,67% off
229,SONY Alpha ILCE-7M3K Full Frame Mirrorless Camera with 28-70 mm Zoom LensFeaturing Eye AF and 4K movie...,"₹1,36,490","₹1,61,490","4K HDR movie recording capability/4K still image, Gain control of expressive freedom, Take aim with high AF performance, Capture decisive moments, More realistic, expressive movies, Shoot with more assured reliability, Always keep the eye in focus, AF-ON button and multi-selector, Comprehensive AF convenience, Anti-flicker shooting, Supports a wide range of needs in HDR movie production, High-resolution, high-contrast XGA OLED Tru-Finder?Wi-Fi, NFC & Bluetooth, Dual slots with UHS-II compatibilityEffective Pixels: 24.2 MPSensor Type: CMOSWiFi AvailableXAVC S, AVCHD2 Year Warranty",15% off
230,spectre E88 PRO Drone,"₹3,199","₹19,499",Type: Professional DroneControl Range: 100 mBattery Type: Lithium BatteryWeight: 320 gNA,83% off
231,SROPX MINI WIFI Mini Spy Wireless Hidden Video Audio Full HD 1080P CCTV WiFi IP Camera Sports and Acti...,₹629,"₹2,499",Effective Pixels: 12 MP1920*1080p7 Days Replacement Warranty,74% off
232,HomeEye Mini Magnet Magnetic Mini Camera WiFi 1080P HD IP Camera Home Security Wireless Mini Camera Sp...,₹799,"₹3,299",Effective Pixels: 2 MPHDNa,75% off
233,Swa Mi E88 Pro Racing Drone 4k Camera And Gps Long Range Mini_16 Drone,"₹2,799","₹8,999",Type: Professional DroneControl Range: 60 ftBattery Type: Lithium BatteryWeight: 0.25 kgNO,68% off
234,bella GoPro Action camera GoPro Action Camera 4k20MP Wifi 30M Waterproof Action Camera Sports DV Camco...,"₹2,799","₹8,999",Effective Pixels: 16 MPFULL HD 4KNo,68% off
235,"CASON CN50 4K 60fps Action Camera For Vlogging HD 24MP ,3000 mAh Inbuilt Battery (3-4 Hrs work time) ,...","₹7,695","₹12,995","Effective Pixels: 24 MP4K ,2.7K ,1080P ,720P1 Year if manufacturing defect  (whats app customer care on 8850166377 )",40% off
236,WINDCOMM 080P 12MP 1080P 12MP Sports Camera Full HD 2.0 Sports and Action Camera,"₹1,259","₹3,999","Effective Pixels: 12 MP1080P, 720PNA",68% off
237,Swa Mi High-Defintion Camera Drone with 1080P HD FPV Camera With Dual Camera1 Drone,"₹3,099","₹8,999",Type: Professional DroneControl Range: 100 mBattery Type: Lithium BatteryWeight: 250 gNA,65% off
238,Swa Mi DRONEDART E-88 Foldable Remote Control Drone_34 Drone,"₹2,699","₹8,999",Type: Professional DroneControl Range: 60 ftBattery Type: Lithium BatteryWeight: 0.25 kgNO,70% off
239,SONY Alpha ILCE-6100 APS-C Mirrorless Camera Body Only Featuring Eye AF and 4K movie recording,"₹51,990","₹64,990","High-resolution 4K movie recording, Choose your own shooting style, Self-framing made easy, Flexible low-angle shooting, Convenient Touch Tracking and Touch Focus features, Cleaner images in dimly lit settings, Superior image resolution and natural-looking textures, Uncompromising image quality, Real-time Tracking, Persistent tracking at high speedEffective Pixels: 24.2 MPSensor Type: CMOSWiFi AvailableUHD 4K2 Year Warranty",20% off
240,Swa Mi DRONEDART E-88 Foldable Remote Control Drone_23 Drone,"₹2,799","₹8,999",Type: Professional DroneControl Range: 60 ftBattery Type: Lithium BatteryWeight: 0.25 kgNO,68% off
241,"IMPLY 6 Spy Camera Button HD Camera/Audio/ Record/Support Spy Camera (32 GB, ) Sports and Action Camer...",₹999,"₹2,299",Effective Pixels: 1080 MPFULL HDNA,56% off
242,Canon EOS R10 Mirrorless Camera Body with RF-S 18 - 45 mm f/4.5 - 6.3 IS STM Lens,"₹79,990","₹92,995","4K UHD (6K oversampling) and 4K 60p, Up to 23 fps continuous shooting with AF/AE tracking, -4EV low light focusing2, YouTube live streaming, 7.5cm 1.04-million dot Vari-Angle Touchscreen, Dual Pixel CMOS AF II, 4K/30p (High quality video oversampled from 6K), 4K/60p3 (For smoother motion in video), Tilt ScreenEffective Pixels: 24.2 MPSensor Type: CMOSWiFi Available4K2 Years Domestic Warranty",13% off
243,Swa Mi Drone 4k HD foldable With Camera HD 720p Live Video_a28 Drone,"₹2,799","₹8,999",Type: Professional DroneControl Range: 60 ftBattery Type: Lithium BatteryWeight: 0.25 kgNO,68% off
244,CellJoy A9 1080P Mini Hidden Spy Camera Wireless WiFi IP Home Security Night Vision 1080 Camcorder Cam...,₹699,"₹1,999",Effective Pixels: 8 MPOptical Zoom: YesSensor Type: BSI CMOS | LCD Size: 0 inchMax Shutter Speed: 07 Days Replacement Warranty,65% off
245,RECTITUDE Drone WiFi Camera Drone Remote Control Quadcopter 360 Flip Stunt Drone Drone Drone,"₹2,299","₹6,999",Type: Professional DroneControl Range: 100 mPower Consumption: 95 WBattery Type: Lithium BatteryWeight: 300 g7 Days,67% off
246,"Exxelo DVR HD Car Dash Camera, High Definition 1080P Video Camera Recorder Sports and Action Camera","₹1,772","₹7,000",Effective Pixels: 16 MPFULL HD 4k1 YEAR,74% off
247,FUJIFILM Instax Instax Square SQ1 Instant Camera,"₹9,999","₹10,999",Exposure Mode: AutomaticView Finder: YesSelf Timer: YesBattery Included1 Year Warranty,9% off
248,Swa Mi Remote Controlled Drone Auto Return One Touch Take off and Landing_31 Drone,"₹2,799","₹8,999",Type: Professional DroneControl Range: 60 ftBattery Type: Lithium BatteryWeight: 0.25 kgNO,68% off
249,dji Osmo Action 5 Pro Standard Combo Sports and Action Camera,"₹36,990","₹40,990",Effective Pixels: 40 MPHDR1 Year Warranty,9% off
250,Swa Mi E88 Camera dronremot Control Quadcopter 360 Flip Stunt WiFi Wings 2 Batteries_30 Drone,"₹2,799","₹8,999",Type: Professional DroneControl Range: 60 ftBattery Type: Lithium BatteryWeight: 0.25 kgNO,68% off
251,"Premio Coppex Kids Digital Video Camera-5MP 1080P HD Shockproof Design, Rechargeable (Supports 32GB Me...",₹709,"₹1,289","Exposure Mode: Automatic, ManualView Finder: YesSelf Timer: YesBattery Included7 Days Replacement Warranty",44% off
252,MUGO K3&E99 HD 4K Camera For Adults professional Grey 3 Smart Batteries Drone,"₹1,899","₹3,999",Type: Professional DroneControl Range: 100 mBattery Type: Lithium BatteryWeight: 100 gNA,52% off
253,"HomeEye Mini Magnet Magnet Mini Camera WiFi Wireless Portable Camera Nanny cam,lHome Security Camera S...",₹959,"₹3,299",Effective Pixels: 2 MPHDNa,70% off
254,Clubics SkySweep Pro Ultimate with WiFi Camera 360 Flip and Remote Control Drone,"₹2,599","₹9,999",Type: Professional DroneControl Range: 100 mBattery Type: Lithium BatteryWeight: 380 gNA,74% off
255,Swa Mi E88 Pro 4k HD With wide-angle camera drone WiFi 1080p real-time FPV_7 Drone,"₹3,099","₹8,999",Type: Professional DroneControl Range: 60 ftBattery Type: Lithium BatteryWeight: 0.25 kgNO,65% off
256,Swa Mi WiFi Camera Drone Remote Control Quadcopter 360 Flip Stunt Drone 2 Batteries1 Drone,"₹2,799","₹8,999",Type: Professional DroneControl Range: 100 ftBattery Type: Lithium BatteryWeight: 0.4 kgNA,68% off
257,Swa Mi E884K_PRODRONE4 Drone,"₹2,799","₹8,999",Type: Professional DroneControl Range: 60 ftBattery Type: Lithium BatteryWeight: 0.25 kgNO,68% off
258,MUGO K3&E99 HD Camera with 3 batteries combo for Live Video RC Quadcopter Drone,"₹1,899","₹3,999",Type: Professional DroneControl Range: 100 mBattery Type: Lithium BatteryWeight: 100 gNA,52% off
259,Swa Mi E88 Camera dron Remote Control Quadcopter 360 Flip Stunt WiFi Wings 2 Batteries1 Drone,"₹3,199","₹8,999",Type: Professional DroneControl Range: 100 ftBattery Type: Lithium BatteryWeight: 0.4 kgNA,64% off
260,Swa Mi D99 PRO PLUS 4K Drone,"₹3,499","₹12,499",Type: Professional DroneControl Range: 60 ftBattery Type: Lithium BatteryWeight: 315 gNo,72% off
261,TiMUR 9 Action came1080p with audio night vesion Wi-Fi 8MP Sports and Action Camera,₹664,"₹3,699",Effective Pixels: 8 MPHD7 day replacement,82% off
262,Bzrqx MINI CAMERA Spy Camera Mini WiFi Hidden Camera with Video Small Wireless Nanny Cam Sports and Ac...,₹629,"₹2,899",Effective Pixels: 12 MP1920*1080p7 Days Replacement Warranty,78% off
263,HODOPHILE E88 Pro Drone Wide Angle Dual 4K HD Cameras with two Smart battery Drone,"₹1,960","₹9,999",Type: Professional DroneControl Range: 100 mPower Consumption: 12 WBattery Type: Lithium BatteryWeight: 100 gNO,80% off
264,"SONY Alpha ZV-E10L Mirrorless Camera Body with 1650 mm Zoom Lens Vlog Camera | Made for Creators, APS-...","₹61,489","₹69,990","4K video with oversampling for greater detail, Easy, impressive vlogs, One-touch control of background blurring, Interchangeable-lens camera for vlogging, Flexible connectivity for easy sharing, Designed for easy selfie and vlog shoots, Protection against recording failures, Fast, precise autofocus, Leave it up to the camera to focus on you, Easy background blur control, Natural-looking skin tones, Smooth and stable images even while walking, Easy sped-up and slowed-down motion, Clear recording even outdoors, For even higher audio quality, Optional grip for easy one-handed operation, Add special effects in-camera, Edit movies from your smartphone, Create time-lapse movies, Wi-Fi & BluetoothEffective Pixels: 24.2 MPSensor Type: CMOSWiFi Available4K2 Years Warranty",12% off
265,INDOB Sports Action Camera 4K Ultra HD WiFi Sports Action Camera Water Resistant 64GB Support Sports a...,"₹1,899","₹4,999","Effective Pixels: 16 MP4k, 2K, 1080p, 720pNA",62% off
266,PICSTAR J2 Drone with HD Camera Foldable Quadcopter Professional Toys Drone,"₹6,999","₹11,999",Type: Professional DroneControl Range: 150 mBattery Type: AAA BatteryWeight: 450 gNA,41% off
267,PICSTAR H35 MAX DRONE Dual Camera Quadcopter with Obstacle Avoidance Brushless Motor Drone,"₹13,999","₹23,999",Type: Professional DroneControl Range: 150.5 mBattery Type: Lithium BatteryWeight: 480 gN/A,41% off
268,"IZI IRIS Pocket 4K , Detachable & Lightweight, Dual Display, Touch & WiFi Sports and Action Camera","₹23,499","₹54,990",Effective Pixels: 12 MP4K1 Year Warranty,57% off
269,IZI ONE+ 5K Ultra HD 48MP Touch & WiFi Sports and Action Camera,"₹8,999","₹16,999",Effective Pixels: 48 MP5K1 Year Warranty,47% off
270,NICK JONES 1080p Sports Action camera Sports and Action Camera,"₹1,899","₹4,999",Effective Pixels: 12 MP1080PNA,62% off
271,Rivalwilla Drone-FPV-Wifi-1080P-HDR-Camera-Wide-Angle-Pocket-Quadcopter Drone Drone,"₹3,779","₹9,999",Type: Professional DroneControl Range: 100 mBattery Type: Lithium BatteryWeight: 0.433 kgNA,62% off
272,SONY Alpha 7M4K Mirrorless Camera Body Only,"₹2,20,990","₹2,62,490","| 28-70mm Digital Zoom Lens | 33MP | 4K 60P | Real-Time Eye AF for Humans, Birds, AnimalsEffective Pixels: 33 MPSensor Type: CMOSWiFi Available4K2 Years Warranty",15% off
273,SONY Alpha 6400L Mirrorless Camera Body With 16-50mm,"₹72,990","₹90,990",| 24.2MP | Real-Time Eye Auto Focus |4K Vlogging Camera | Tiltable LCDEffective Pixels: 24.2 MPSensor Type: CMOSWiFi AvailableNTSC/PAL2 Year Warranty,19% off
274,Canon EOS R6 Mark II Mirrorless Camera Body with 24-105mm STM lens,"₹2,17,390","₹2,71,995","6K RAW HDMI out, 4K 60p (6K Oversampling) & FHD 180p, Up to 40 frames per second (fps) & up to 8 stops image stabilisation, MASTERY OF STILLS & MOTION, Filmmaking without compromise, Capture the beauty of movement ?hand-held, Beyond 30-minute clip limit10Effective Pixels: 24.2 MPSensor Type: CMOSWiFi Available4K2 Years Warranty",20% off
275,ephorus V380 pro WiFi camera outdoor and indoor waterproof cemara night vision 360° IP Camera Camera,"₹1,999","₹3,999",Effective Pixels: 12 MPOptical Zoom: 10X | Digital Zoom: 10XSensor Type: CMOS | LCD Size: N/A inchMax Shutter Speed: 1Auto Focus1 year warranty.(For any warranty related issues please call the ephorus customer support 9527761045,50% off
276,Snapbot GoPro Action camera GoPro Action Camera 4k20MP Wifi 30M Waterproof Action Camera Sports DV Cam...,"₹3,639","₹8,999",Effective Pixels: 20 MPFULL HD 4KNo,59% off
277,BIPL 4K Wi-Fi Waterproof Sports Ultra HD DV Camera Body Sports & Action Camera,"₹2,549","₹5,999",Effective Pixels: 16 MPOptical Zoom: 4xSensor Type: CMOS | LCD Size: 2 inchMax Shutter Speed: 21 Month seller Warranty,57% off
278,SONY Alpha ZV-E10L Mirrorless Camera Body With 16-50mm,"₹59,990","₹69,990",| 24.2 MP vlog Camera | Made for Creators | Advanced Autofocus | Clear Audio & 4K Movie RecordingEffective Pixels: 24.2 MPSensor Type: CMOSWiFi Available4k2 Year Warranty,14% off
279,ROCKTECH ACTION CAMERA 5K Waterproof Camera Sports and Action Camera,"₹6,999","₹9,999","Effective Pixels: 16 MP5K1 Year warranty is provided by the manufacturer and covers any defects in material and workmanship in the product. The warranty period is 1 year from the date of purchase.Under this warranty, if you experience any issues with the product, you will need to carry it in or send it to the manufacturer for repair or replacement. The manufacturer will provide a remedy at no charge to you, including parts and labor.Please note that this warranty does not cover damages caused by normal wear and tear, accidental damage, misuse, neglect, abuse, alterations, improper installation. To make a claim under this warranty, please contact the manufacturer directly and provide proof of purchase. The manufacturer will provide instructions on how to proceed with the warranty claim.",30% off
280,PICSTAR J2 Drone HD Camera with Obstacle Avoidance Photography Professional Drone,"₹6,999","₹11,999",Type: Professional DroneControl Range: 150 mBattery Type: AAA BatteryWeight: 450 gNA,41% off
281,AVOIHS Gift toys High Pixel HD Recording Selfie Timer Photography Gift Kids Girls Boys Toy Camera Spor...,₹899,"₹2,000",Effective Pixels: 8 MPHDNA,55% off
282,Bzrqx MINI CAMERA Spy WiFi Mini Hidden Camera 1080P HD Clear Live Video Long Standby Time Tiny Sports ...,₹799,"₹2,899",Effective Pixels: 12 MP1920*1080p7 Days Replacement Warranty,72% off
283,SROPX MINI GoPro Action Camera 4k16MP Wifi 30M Waterproof Action Camera Sports DV Camcorder Sports and...,"₹2,499","₹4,999",Effective Pixels: 12 MP1920*1080p7 Days Replacement Warranty,50% off
284,DKLISHA E88 Drone GPS Folding Brushless RC Drone 25mins 2KM 6K Ultra HD Drone Drone,"₹3,869","₹9,999",Type: Professional DroneControl Range: 100 ftBattery Type: Lithium BatteryWeight: 0.4 kgNA,61% off
285,CALLIE 4k Camera 4K Ultra HD 16 MP WiFi Waterproof Action Camera Sports and Action Camera,"₹1,804","₹3,000",Effective Pixels: 12 MPHDNA,39% off
286,BNK 6 Wireless CCTV Security Sports and Action Camera,"₹1,241","₹4,000",Effective Pixels: 1080 MPHDNA,68% off
287,SJCAM Action Camera C100 HD 30fps Short Video Recording 30m Waterproof | Magnatic Body | Web Cam | Thu...,"₹4,999","₹7,800",Effective Pixels: 15 MP1080P HD QualityManufacturer's Warranty for 12 Months,35% off
288,Canon EOS R10 Mirrorless Camera Body with RF-S 18 - 45 mm f/4.5 - 6.3 IS STM Lens,"₹79,990","₹92,995","4K UHD (6K oversampling) and 4K 60p, Up to 23 fps continuous shooting with AF/AE tracking, -4EV low light focusing2, YouTube live streaming, 7.5cm 1.04-million dot Vari-Angle Touchscreen, Dual Pixel CMOS AF II, 4K/30p (High quality video oversampled from 6K), 4K/60p3 (For smoother motion in video), Tilt ScreenEffective Pixels: 24.2 MPSensor Type: CMOSWiFi Available4K2 Years Domestic Warranty",13% off
289,RHONNIUM 4K Ultra HD-Type-042 ™ 4K Wifi Cam Waterproof Sports and Action Camera,"₹1,399","₹4,000",Effective Pixels: 16 MP4K ULTRA HDRhonnium® 1 year Replacement Warrenty,65% off
290,Cubonic 4k UltraHD 4K(30fps) Waterproof | WiFi |170° Wide-Angle Lens | 16MP Photos Sports and Action C...,"₹3,999","₹12,999",Effective Pixels: 16 MP4K(30 fps)Non-returnable,69% off
291,"RECTITUDE New Sale E88 Remote Control Drone Dual Camera Drone 720p Video, Wifi Fpv Drone","₹2,419","₹6,765",Type: Professional DroneControl Range: 100 mPower Consumption: 95 WBattery Type: Lithium BatteryWeight: 300 g7 Days,64% off
292,NIKON Z5 Mirrorless Camera 24-70 mm,"₹1,19,990","₹1,56,995","4K UHD/30p, Optical VR image stabilisation and electronic Vibration Reduction, Creative Picture Controls, Focus Peaking, Capture stills while recording, Timelapse made easy., Up your live stream., Right.In any light., Fully automatic.Totally manual., The eyes say it all., Focus anywhere., Tweak. Shoot. Create., Multiply your vision., Shift your focus., Easy pairing.Easy sharing., Tilt. Touch. Swipe. PinchEffective Pixels: 24.3 MPSensor Type: CMOSWiFi Available4K UHD2 Year Warranty",23% off
293,Panasonic DMC-G85HAGWK Mirrorless Camera Body with 14 - 140 mm/F3.5-5.6 ASPH Lens,"₹69,990","₹94,990",Effective Pixels: 16 MPSensor Type: MOSWiFi Available1920 x 10802 Years Warranty,26% off
294,Elevea New Waterproof 1080p Action camera sport Vlog Sports and Action Camera,"₹1,457","₹7,000",Effective Pixels: 16 MP1080p12 Years Warranty,79% off
295,DKLISHA E88 Drone GPS Folding Brushless RC Drone 25mins 2KM 6K Ultra HD Drone Drone,"₹3,869","₹9,999",Type: Professional DroneControl Range: 100 ftBattery Type: Lithium BatteryWeight: 0.4 kgNA,61% off
296,PICSTAR J2 Drone HD Camera with Obstacle Avoidance Photography Professional Drone,"₹6,999","₹11,999",Type: Professional DroneControl Range: 150 mBattery Type: AAA BatteryWeight: 450 gNA,41% off
297,Razium Bird Camera,₹854,"₹1,599",Audio and Video LivePhone App WirelessRecording 1080P HDNight VisionMotion DetectionNA,46% off
298,ZEDY 4K ACT001_CAM Sports and Action Camera,"₹1,769","₹7,000",Effective Pixels: 32 MP4K7 DAYS REPLACEMENT,74% off
299,NIKON Z7 II Kit Mirrorless Camera 24-70mm F/4S with 64GB UHS-II SD Card,"₹2,49,990","₹2,94,995","4K Ultra HD video at 60p, Dual processors., Dual card slots., Brilliant dynamic range., Working professionals will love it for the vertical shooting controls, More autofocus power., Edge-to-edge coverage., in low-light autofocus performance, Eye-Detection.Better than ever., Capture the eyes.On Video.(All of these features of Eye-Detection AF are also available during video recording. ), Multiple Exposure, Focus Shift Shooting, Time-Lapse, Reverse focus rotation., Live stream like a pro., Tough. As expected., WI-FI COMPATIBILITYEffective Pixels: 45.7 MPSensor Type: CMOSWiFi AvailableH.264/MPEG-4 Advanced Video Coding2 Year Limited Nikon India Warranty",15% off
300,Orelius Fire 4K Single HDCamera Three-Sided Obstacle Avoidance High-Definition Remote Control Drone,"₹2,729","₹3,999",Type: Professional DroneControl Range: 10 ftBattery Type: AA BatteryWeight: 320 gNA,31% off
301,spectre E88 BLACK DRONE Drone,"₹2,999","₹19,999",Type: Professional DroneControl Range: 100 mBattery Type: Lithium BatteryWeight: 320 gNA,85% off
302,TFG GO PRO Full HD 1080p Sport Action Camera Best Quality Waterproof Camera Suitable Sports and Action...,"₹1,249","₹1,700","Effective Pixels: 12 MP720P, 1080PN/A",26% off
303,MY BABY LOVE A PERFECT CARE Gift Toy Baby Camera Digital Camera Toy for Kids for taking photo Sports a...,₹999,"₹2,500",Effective Pixels: 2 MPHDNA,60% off
304,FELCRONIXS SQ11 Spy Camera HD 1080P SQ11 HD Camcorder Sports and Action Vedio Recorder Sports and Acti...,₹834,"₹2,000",Effective Pixels: 12 MPHD7 Days Replacement Warranty,58% off
305,CALLIE 4k actioncamera 4k Sports and Action Camera,"₹1,201","₹6,999",Effective Pixels: 16 MPHDNA,82% off
306,Qaz GO PRO GO PRO Action camera 720p Wide Angle with waterproof cased Sports and Action Sports and Act...,"₹1,249","₹3,999",Effective Pixels: 12 MP720p7 Days Replacement,68% off
307,Swa Mi E88 Pro 4k HD With wide-angle camera drone WiFi 1080p real-time FPV_17 Drone,"₹3,299","₹8,999",Type: Professional DroneControl Range: 60 ftBattery Type: Lithium BatteryWeight: 0.25 kgNO,63% off
308,Loot store jd0001 Sport_1080p_camera_Action Sports and Action Camera,"₹1,273","₹4,000",Effective Pixels: 1080 MP1080Na,68% off
309,Swa Mi WiFi Camera Remote Control Quadcopter 360 Flip Stunt1 Drone,"₹3,279","₹8,999",Type: Professional DroneControl Range: 100 mBattery Type: Lithium BatteryWeight: 100 gNO,63% off
310,"SROPX MINI Wireless CCTV Wi-Fi Camera for Home with Mobile Connectivity , Night Vision Sports and Acti...",₹799,"₹2,499",Effective Pixels: 12 MP1920*1080pNA,68% off
311,Swa Mi Blue Quadcopter Drone_20 Drone,"₹2,799","₹8,999",Type: Professional DroneControl Range: 60 ftBattery Type: Lithium BatteryWeight: 0.25 kgNO,68% off
312,Canon EOS R10 Mirrorless Camera Body with RF-S 18 - 45 mm f/4.5 - 6.3 IS STM Lens,"₹79,990","₹92,995","4K UHD (6K oversampling) and 4K 60p, Up to 23 fps continuous shooting with AF/AE tracking, -4EV low light focusing2, YouTube live streaming, 7.5cm 1.04-million dot Vari-Angle Touchscreen, Dual Pixel CMOS AF II, 4K/30p (High quality video oversampled from 6K), 4K/60p3 (For smoother motion in video), Tilt ScreenEffective Pixels: 24.2 MPSensor Type: CMOSWiFi Available4K2 Years Domestic Warranty",13% off
313,"SJCAM FunCam 2"" 1080P for Photo Shooting/Timelapse Video Cartoon Print Cam for Children & Kid Sports a...","₹2,699","₹4,400",Effective Pixels: 5 MP1080Full HDManufacturer warranty,38% off
314,Rhobos HD Quality H12 4K Ultra HD Water Resistant Sports Action Camera 2 Inch Display (16 MP) Sports a...,"₹1,799","₹9,500",Effective Pixels: 16 MP4K1 YEARS,81% off
315,Westlers 123 4k hd camera Sports and Action Camera,"₹1,200","₹1,500",Effective Pixels: 1080 MP1080no,20% off
316,SIOVS WIFI SECURITY CAMERA 1080p HD Mini WiFi Spy Secret Wireless IP CCTV Camera Supports MicroSD Spor...,₹799,"₹2,999",Effective Pixels: 12 MP1080p7 Days Replacement Warranty,73% off
317,SIOVS WIFI SECURITY CAMERA WiFi Wireless CC Video Camera Full HD 1080P Nanny Cam Night Vision Security...,₹799,"₹2,999",Effective Pixels: 12 MP1080p7 Days Replacement Warranty,73% off
318,MUGO WiFi Camera Remote Control Quadcopter 360 Flip Stunt Drone,"₹1,899","₹3,999",Type: Professional DroneControl Range: 100 mBattery Type: Lithium BatteryWeight: 100 gNA,52% off
319,Bzrqx Mini Security Spy Magnet Camera Full HD Mini Spy WiFi Magnetic Live Stream Night Vision Sports a...,₹629,"₹2,699",Effective Pixels: 12 MP1920*1080p7 Days Replacement Warranty,76% off
320,SIOVS SECURITY CAMERA SPY Mini Magnet CAMERAHidden Spy Camera with Audio and Video Live Feed WiFi Spor...,₹799,"₹2,999",Effective Pixels: 12 MP1080p7 Days Replacement Warranty,73% off
321,"Akaso V50X 4K Ultra HD,Filters,Adjustable Angle,Touch Screen,Unshakeable Stability Sports and Action C...","₹8,990","₹18,999",Effective Pixels: 20 MP4K1 Year,52% off
322,"RECTITUDE Good Quality E88 Pro Remote Control Drone Dual Camera Drone 720p Video, Wifi Fpv Drone","₹2,199","₹6,849",Type: Professional DroneControl Range: 100 mBattery Type: Lithium BatteryWeight: 100 g7 Days,67% off
323,Swa Mi Foldable-Drone-Camera-Flash-Lights-For-Adults-4k-1080P-HD-Drones-Toy_26 Drone,"₹2,799","₹8,999",Type: Professional DroneControl Range: 60 ftBattery Type: Lithium BatteryWeight: 0.25 kgNO,68% off
324,Swa Mi E88 PRO Pocket WiFi Camera Drone Remote Control Drone1 Drone,"₹3,499","₹8,999",Type: Professional DroneControl Range: 100 ftBattery Type: Lithium BatteryWeight: 0.4 kgNA,61% off
325,Drone A E88 PRO long range professional Wide Angle Professional Wifi 5g Drone,"₹2,200","₹9,999",Type: Professional DroneControl Range: 100 ftBattery Type: Lithium BatteryWeight: 0.4 kgNA,77% off
326,SPRING JUMP 1080P Sports Action Camera Waterproof & Wide Angle Sports and Action Camera,"₹1,899","₹4,999",Effective Pixels: 12 MPHDCarry on Warranty,62% off
327,kia GoPro Action camera GoPro Action Camera 4k20MP Wifi 30M Waterproof Action Camera Sports DV Camcord...,"₹1,899","₹7,999",Effective Pixels: 16 MPFULL HD 4KNo,76% off
328,FEERO 6 1080p HD USB Universal Interface WiFi Mini Flexi Neck Camera Sports and Action Camera,"₹1,299","₹3,999",Effective Pixels: 2 MPHD7 Days Replacement Warranty,67% off
329,Rivalwilla Drone WiFi Camera Remote Control Quadcopter 360 Flip Stunt Drone,"₹2,707","₹19,999",Type: Professional DroneControl Range: 100 mBattery Type: Lithium BatteryWeight: 0.433 kgNA,86% off
330,"Qiwa action camera 4K Action Camera with WiFi, 170° Wide Angle Lens, Waterproof Case, 128 GB Sports an...","₹1,799","₹4,000","Effective Pixels: 12 MP4k1 year Offsite warranty from the date of purchase. This warranty covers manufacturing defects and malfunctions that occur during normal use of the product. The warranty does not cover damages resulting from misuse, abuse, or accidents.",55% off
331,"Swa Mi High Quality E88 Pro Drone HD, Dual Camera Mini Drone 720p Video, Wifi Fpv1 Drone","₹2,799","₹8,999",Type: Professional DroneControl Range: 100 mBattery Type: Lithium BatteryWeight: 100 gNA,68% off
332,Swa Mi E88 Pro 4k HD With wide-angle camera drone WiFi 1080p real-time FPV_2 Drone,"₹3,189","₹8,999",Type: Professional DroneControl Range: 60 ftBattery Type: Lithium BatteryWeight: 0.25 kgNO,64% off
333,TechKing Sport Camera Sports & Action Camera Under Water Waterproof Pro Sports and Action Camera Sport...,"₹1,324","₹4,000","Effective Pixels: 16 MP1080P, 720P1 Year",66% off
334,tmwilla ROCK CRAWLER Drone,"₹1,799","₹2,499",Type: Professional DroneControl Range: 0 ftBattery Type: Lithium BatteryWeight: 0.3 kgNA,28% off
335,Bzrqx Mini Wireless WiFi HD 1080P Portable Home Security WITH NIGHT VISION Sports and Action Camera,₹799,"₹2,999",Effective Pixels: 12 MP1920*1080p7 Days Replacement Warranty,73% off
